{"file_hashes":[{"block_hashes":["PlsEYuC7P2ip9YBumxeyJm0NIja39W98seF4kvVT//Q="],"block_size":4096,"path":"LICENSE"},{"block_hashes":["lbwEXL9u3CNva58CGu4iMoNs7jxLjPYRmjl71PzB67g="],"block_size":4096,"path":"README.md"},{"block_hashes":["Th9/Za4EVnFyIEBoRqFM3XgPwYmzJdgxPqjSocDyqDc=","jY2V2uDW7Fiv8JI2HSLmd6fN/s6XZCudg1e9buyqIew=","v//EpuUaYEDXjVnOniSomfmMd0WD7m46PMa/lpfZ0ME=","M52JZXHCe2SWekqrE6QfVfookg7MLt0nH4MP805OjkE=","d/j+xi09zNWYa/x/xagtLMMxoALv2KO7B/4WBes0YzA=","uKD2fzFW1L/Evk8UpjThRCgNb62aWiGAbMBfTKvxeQY=","rKIAEAgqad1wIfrh+dMujTLF47bC8tmd7tZpX5yiQz8=","29QMiuR273Rv9eLaM5SrIu3I2JW/GkpgzzfJuF72tkQ=","aB8tsTccnvYe22evASijMwRT4a0OlA2QnPAQtzqRfhU="],"block_size":4096,"path":"img/digest_measures.jpg"},{"block_hashes":["XXXNvSLgqiFkba08bij1QWkk/YPbkVDFnqwjrbPw7I4=","Q+m9lSxX40VchcrDX9AzcR1JcD4lzDrwnCngrqugsvA=","HuNna+SbojLBCI3uksCPlC7+y7VynBRHWsAUitnQzUg=","28VClFdXGYhxiwqgwNnZ/xS/dDlqeLsJikVMI1tYfj0=","+cNAjLhiC5VTKhs5gaMpunCvR3Eah+sJJg7dA3Tyk8c=","pM1PUNeM/nr/tIuLNXuAPApy/RP3v5xd7dMWMTwUFkM=","QLEZMZ2Wvm/7hY/wUHmexsDqbLYImqbwgJjP6Z3/vRM=","ASIjXUpiBMRZuP1UkhniSjVcYCWpXBUhZQaGqschlB4=","xQuteSAJ6wzBffjQ/KY5CMg38hIa0I2QSSvUotOx+q0=","Ec1Cyg5tlsat70YggJcn5/ds5vxAauIJ1orlYEi1pUc=","/4QuOLXAExOwmEknKpZ2Fwt3nQXgUGzY3cNMHloBERg=","jpXZjWhKuACZDT6EKyzanlCzZiAOq5MgJPlz5dnGrCI=","+elXwvnna7inBDZcxUMOQ6MfrIWVquF1G139RQnA3FE=","NK3Rpj2QrgyhTFAfoNjfm3ZELcffwl8TPtOJF3Ck9lk=","0vWkVF+5shsEq+qi+1TutrlTIZDaSu/OATPn0QVJZ/U=","/x8FgvgpFG0dJ2TjvmoYSWpPvCyQqJkn776nZj8o0yk=","jpl7mFoYf7gopbuSRj7I8S84lCMjey8rBZpqa3xkTys=","lAWBPOqTZ4zmAVtzrvkrY/uAgv76d5fOmruIZuhjEDs=","ttvy8nFyl44V1UTVCZ+jZoamAyQatao7WFk5olVc7Og=","UR7hZclbkSOCPmNaqh2zgdDUYu01z8ugpsMJPRyB5j0=","nbl2j44TQXbK9tSvIbcbgOd7ZnUCMwaIpMCW+Dl+4rA=","SZE8OJ4hn8b+8dF0t+koWBIS7NmTfJEa+aKiNCdqE3U=","05QE0+1rk9L8ta678iOjLcyeIjA8ow0bBc6VGkFyzoE="],"block_size":4096,"path":"lib/admin-lte/css/AdminLTE.min.css"},{"block_hashes":["yvAnVoCKUZC8KiIUrDr7oxG1ZB5KS0XzqTYfZlLlAuY=","HHEINfKb4TcMcM1/TymM9MCBJCeBSDkVB8363ucm4M4=","5bSesMkCSi4HHsyzb/JOLv/QZZKjcxXmBILGrJGyfYM=","hnXBA9hpbVqwb7kXoFHDHN/hUOnmdmJSX4CoqTVV/4s=","gan1NoQftJz9dTsNZVYKCrOa8g+8C1+Wd+9l2jj0120=","nZR0R5CFtIHU3TqrSfuY8cV57LtzntapeH/6XeJKu4k=","8FdNW/JKmxiKP6Bbqnb29KmNUw0F/98m6SYPdotzL9U=","pNFTz/OFcIHnpqh4YzVSDaX+LrOSkD8ah/GAhm+Sx+0=","5R6XYUboTjikJbBL7fcygQ5I50Yu8sDPdWlAGWW7zno=","2ilUgbhlmudzFqC7wZHBhYLymmfhiyGmDBwHjgYtN4U=","c4odZ9Si6ScCQOI4sQingMcHO1Csd/0RHJARIw200Hg=","mwXx+KX19/50IBWJ4pkKxwl6G5msobkW4FJDKMqp6do=","EnCDU7L2tF0gxx+Jj2alPzLk6LMbJOhYpJK3enb8FfI=","0mlcI4kJjPWEX6nb41shl5759M8TsGUuYYfpgk+nUy0=","gcitoY63804k+t4wkqs0AuSoJ8VLufJfF4NgwDxkmT0=","Dmlk3XzFcW9O7/tkX3gixiSXHO/TcEt1d3IqhIoxOdI=","iFElPHT9SEGfeK44Fi8dwynqQspULOx+tqywI/IGpIg=","xdCH6BT3uH+cypGLG2NRc2TxRmveJYogulHrCriWRQY=","Lb4inPN63klEmexvaXgyB2KHnyKybpW4yN9qX4pRP4A=","oiaBqvLlSEMf7diFFYWe+jn3A4MTkX9zkbpGxuEQVRU=","HzZ71vdI03eC4RlP4kt6ONNmLM+dxE6zLhLUAJxjPBM=","o3Ih6wn2PygsQDUeY1NZNObp5BCvLJcElfIB/xb7h9Y=","V+RHVBhR4xChH1AAtIVay8jpoi88cE7xdxf5Y2TBRZk=","FHcn8HSZoGVBeNB+c8xXx7rrjsX28Y2LLwcmfVAo5mk=","NJj+WiZcwjlF1E5Y7C4ITSdZYRcNPqkoF+mOJ8fuA6M=","y4YiZobAoOQQIKSnqMgB2Sb1XBO22EZpMPID6OtclZU=","R/pFM6cnpFchN/1Kj0A9v4X5Bg/xpxofodjH3hPULvA=","KaZkPNN6HvvcSN4JGGvpaL/TA+TCw2/7k3FxOXtrHOE=","k7CNoAOXSxTGLrkBhuHpPfg0PuTXBy/JNGv8goVVIyY=","O8TM3Ju26ux4nlWb/BuZ1MQ8a3Z0WzWQt6aWLThotYs="],"block_size":4096,"path":"lib/admin-lte/css/bootstrap.min.css"},{"block_hashes":["xjrtyUR4hg31YErUHJN09eMyecJdTuoFhZxRo1aHPio=","Ew3WCP5k+61WJEs5d2k6HWhpBflwLgpqUXPAZ8nDxoI=","I1KnvFCohZpU+ZkLDp3EqqORkQaGBBmDRYZhXxEPyZc=","kAQju+5L6xubb2nZlhmyPqnnBCnFumO2ZWkE3Es3djw=","fn3VDqydnTHn6Rd8am8JVU4QdIuR7RZXSOrEUNzr2Ag=","M1j3gfIabsJjqs5XubMFKoN91UoAZhVN3oEBb9Z6Zfw=","CxIHUhCkNLWTNT2K8+zltTYB2o3+TUG6MwgQS6Rjsi4=","RKPJc/0qkvpKA/fOYe6E4RcfgDOF7oGbtWSCw1QXW1I="],"block_size":4096,"path":"lib/admin-lte/css/font-awesome.min.css"},{"block_hashes":["rTttv3Qz9fBq76ZDyUQ9P7YRpL4JafXNzB2CCoyGoOM="],"block_size":4096,"path":"lib/admin-lte/css/skin-blue.min.css"},{"block_hashes":["1bzzS7/57IPZuivdJJgcZBu5FzHgxWqd91sfzdNdvqA=","905NYkhRCrdB6+Ou2eslidPyVBHLbYp4logf6klZl3A=","vmedNkcjT0K6POluu2jV6Hx5z2Qm45HTL6/eBqRbZVs=","ikpjj422/17tcxcs0c7fODz3r1BBecCH9sQNX2lmHtw=","E0x5cpBd1GCV4xf6h54ucOKRM79OxA9LDrkiH8F175c=","5unr3imlzybPhhjp5vymw6yEOe7fHcIIRkGmDdVV3SQ=","fu2ZQJxXJaOzBqX2PgG4uKGxVrcaguKeTnXlXNIM308=","QRqeUZfvbfWXAyx4xyhuYUQ1+TwxIZWIiszpDyMzPSQ=","CSJtMJcrBjR3vmIF7qsSeobez6nVA4vDxi48eDhBKkA=","1TSMB2vc6ypXmvtdBWOCm6Jnw4iL8RVr9C7JawH+A/Y=","mVZ3E0uj51ROLuMY/2zUYS2+GXoBH9Qy9n1U5RA8xGM=","J7j1vLV5q3ueo2OsjzOlSy72PSEsQRFznVU84z865Is=","4zO4+mgrQU/TQ9UfNpRqmAeZI21gq+fZcOaKwzyfKnw=","2vYQK2gAS4RGU9rKwDNEwWeEzm5pZ7tmOzTlnM9/Css=","Eh4vuWoieddZpwBLgKbL8iNE6s7cHtWUL2gxyoVSRd0=","KMA2uFvpq/4RcZqHlzjF7WNlyOL4/fWcJzFp7Yc/qPA=","xHsAgQsPLrcK+KqMUgOd+tovfRKptf5abC63NrF+LN4=","L8UkA1HhTQHCVcnJaKhOOtY+TDtsSo9oCPi/Am7XB+8=","FZiyLf7bloiMt49OMHw8XK7PjcSeE+iN4My7p2T3+84="],"block_size":4096,"path":"lib/admin-lte/fonts/fontawesome-webfont.woff2"},{"block_hashes":["UQj8MednkP0CqG93+1hlZyJQIciadgSIQlkzFPuqO9g=","3sCb/Ral8Y5shh+upo3ZR7gr1mI0msBjOtDvOfWSP+I=","ejnIlqNn6/Fakv8AQUVxAkrgSsRImTiQFmAxopjNdFA=","+L5zRUb1EB71EhgV9Fxo7ajdmKMcnq0SyZpyT7wIpa0=","IO8iChrU81ZJhPRC6q7d3V8L9CPoB1txCv0XP7JVAxA=","CkfllfXJ/oRgYeBZaWZ5d96ndjSzl8uktfNuiv1gTu4=","29HrB/SGUYYSTJfZRctxQgeEQKIY5UF1eMTNg84xLEE=","Jg3FaCS6EeWIDET69KrSbR1aejV8kl0tE3UqO4R26eY=","x8uslvxbe193tQlYrst8RFjBUqIqo4lWWnW9/zH5CDw=","c2hlBrl5UT79AV+ypuEeUmx8Y8awJLYlL4IKv2zvYbo=","6JyPFL+/Cyoa5sGRXhW1wsrYQJLnoo1S8zgxfOF2Pdc=","qRF25AvxvZp1VJbl5MM/5EG52WJw/1IQ7moAS3vhzVo="],"block_size":4096,"path":"lib/admin-lte/fonts/glyphicons-halflings-regular.ttf"},{"block_hashes":["tZ4ReWw8lCN2x7lofUv3C6dqWH6iSH/i11YX7TMQ5jk=","3nCWhpueUFCeWduPaAaHIbx+gr8PorpnNeF0WBj+zIk=","AqugiJ1m1SQmGNLvZbpRZIHbL9z5p7VhEK7UC4s7ZZU=","sb08tG9DMsNqVy3eOd2ib2hsodvpCoUv0r4as5suLtI=","2+NvT+M34sDgWPMgxomx5GN1VcQgWyNlBwfFDex9LcA=","XS/N5mwnDp03UryRNjDEs1sjZjMxjPZAvaoJ64oemLA="],"block_size":4096,"path":"lib/admin-lte/fonts/glyphicons-halflings-regular.woff"},{"block_hashes":["x8H3vJO6KKS4+GI97KSNjgGFZClwivRQxhVB7hJ7mhk=","cjmKtvlezysLIrcpUjE1/eezGj3QOxsKL94t5eAMPWg=","okvqaADJ1XLyLubudIo4/jmMtmadT6ss2+qdKKQwdzA=","Grvfrctd0d2maQtDOhpGdNTeLMbSu/bbhsuJ/7Z6eGc=","tK+KazDXXmTkYt0j95d1yTYiDsPJH0dZrBuXp8R9XMc="],"block_size":4096,"path":"lib/admin-lte/fonts/glyphicons-halflings-regular.woff2"},{"block_hashes":["AzgynLxydNeFm/edRPOFfUolrvtlZZVTHDAvBbDNFnA=","fFRgEEWqmEVYcC7Qzne0F0ML7dFZJqcK7WIRHfw+ehY=","cGlSAfptPeAMUvINVvJtedgb7GkIh154fYPKutREZaQ="],"block_size":4096,"path":"lib/admin-lte/js/app.min.js"},{"block_hashes":["teQki1Rq3B8KK5nzaKTntGnZ0ZMy6njgcOXA+KRNn44=","/fMcAjg+tmZ16fvN4CZAuPQt23BRD+tSEWXsuxzJUkw=","WsoKWAiHe20svx9AZi4xAWnr2yn9GAYXeMSL2KaS9bU=","4DO/R5xtIwvmmNIUP/bVzfXYQPF+cn+9uEnpG2dI0y8=","ALKLbMEPxa6VoEnMB5XYFo45M3S4iecn6l5glIBOX04=","SKKTu01WJSHEHgOlb0awQBw8nA/traBybmYwlKAiDgU=","gozBB4aj2xjXe//BAvnMBVKdeXFWnZTq1NSPGlMWTHI=","a8qGZ1SwAHBF2fsWGZjOk8AR0OZH1VgjhUjBRmJ1vR4=","G5KtftW77qtE7TopD75ANh2pJenqO1HEzwVJ00+pu8E=","vUfA5SAk2DDlFdhvKu+pjo+SEhRNDqQf1RM4CsNfH2o="],"block_size":4096,"path":"lib/admin-lte/js/bootstrap.min.js"},{"block_hashes":["jLaGy637UNym52C4Otp/zJ2QBbZOkz0JeXZf7hXzHj0=","xS5/DGPmrdyGrmtK24tRv4S66rgnk1zubIV56p07qiE=","fu0hCO985IdEcwP8olUh2TxQRZs6kDaBBdeTsLtk5X4=","zPbJvoEJRtilqb+Fam9UFxfMJzeYyv9Ej7iq8Pq4KyU=","v31gVoko4o7QtcpQ+5ZozBx9iJQYLm+mZwnXPFTOKCA=","w0dibuLNwSnAftjNx51loMiJ3R9xoiX6BI7ReC9AW98=","TePTkEhH+nQYSHInQKkt2hi2Pl3PIZ3pcCEgaRU7W5E="],"block_size":4096,"path":"lib/angular-animate.min.js"},{"block_hashes":["KQLTp0qk8L8PCF0FVNUOY+8BYf6/m1UGdx4hdzbYROE=","9vzQonONpfU5JnGKCAKIK3d+z5L975Lz2VhmoLKxpQc=","eu6s533/gG/RY3uZnYjSpFIDdCfogOjiY3xj52mTRko=","+x4z70kKPy6m1QuWSuk+vVBBOisadzQlddJ68hn/B70=","K1l+5MF4q5pgjuBs+FMzmGmsBFbNFa7ybF4VNtu1on8=","pRahshhrmuFlDTzCpawhmsV4YlWcwSUoaRiWsluzGzU=","cw3KN7R1MpyuMFMKzjmZ+tyP3pTOOh0mGhI87W1txTA=","FG/hfj12Pq07KpKCPIzASNmwhbyeZIVq+XxKLPmVsDw=","3X2EHmyv3ad0rDn4HWRFDWsOYggSOHjuMoTpTDZaUKI=","WRvSPf8MsZjla65ScejotjHT0xh7UxP3H6n7RokID+s=","QjCBelsexI9IiaUQ+h0AiSYq7XRW0zavipAsTOI7Zjk=","KBc1oT8mWd5WI9aeHxfzatfKwOSo/PZQl7vnJLJqIPI=","FOD3UcwUaQHY0P0d3HJaN6lVxEcyRAEuJ000ZmJ8chU=","F850kv6HehaDAbgs6y54vHEzUb0YeYfnBTmqL8nXYnI=","fKXE4gXjAL8qBrxJ55Z8g6lJoYvYwKxu8cUgRGSdVkw=","SpCMKYUw09IOqlclJBblypis59nZIBbMOnak2zVBws8=","39qZVGya9J0BoaLS54G8/N5cyiHasSXY9FD3DuUkrm4=","k0EGUMHxAe2eBxVsYkjcFPXt0+dBgassAm0cLExhCRs=","r5RUwYv8BZTt5r4NTTWjX7RynxKQC+wfYd2kpu1jbW8=","YrgdRB0dkcxk8rOb/pNEhWl6j3TH2O4Me7P6rIUXfYU=","6ELbMtGXuqedmd/j15MF16HvaQY/OWcAMePfogJ2xnU=","1adlh11Pm40odfb9v4pJ6dEJHpzlkXYDib/whC9v97s=","EGiwQCM8VO7gx3R5G2Eo069AhzRIld6ORIf2uWY1v6o=","2965NB0uFHg1YIo9Hsf229ZDbzmnog3FxVwVIBAMXJM=","8nngYgYVa6kTh1TdG1kgoXwEPxmYWaIfKpd19dErpBE=","62k+Uw5g3w+T461L18gtzLNalC9/Ew1dswnkuvviTVU=","aarX5KihRTv2e9sPFdW3sxmlP2D3Z2qxy0AjFKGmZ1g=","7Qwr8LIjcCyJnAsoXEiY2vfbj4MMuyY+Hdxk7bBsT8k="],"block_size":4096,"path":"lib/angular-mocks.js"},{"block_hashes":["5rG26eP25LE7bEVjLm018evXv94P+AkO3W9myE1opyQ=","1l3/e4cbRz94S7F1V7e/XcK4aggpN+rubOPE/zwxIfA=","jOittRsURcGPqM6Yi85HsiczDSuHUOQz4sMltz9yoUo=","Qf0cI0AAvK0vvT+26EJpTwREtXAFDKqlGENMaBibl1s=","FCm3Q/rbl04FrUPTHg3T6lyc1liLFzV78z2Nc23IVsM=","YiWPELoyt3ak8ZJ/JEneoc30H9FUlvloI7Iydd3HabU=","UEL+XzoFnw0hszwV12KTp53jDa7ppgDXcChR0Qz5kus=","gwzqLcNYVkb+G+MXzuB3h7dtuoiemw082XvNiI678p4=","HLjzyew7k1AN9ASaAcARbNarusvHS3B+FWWJR+U+TnM=","n4A4P061aMuu8gVzNtgIx1eJF1xo33xKmVpiCu2UAxY=","KtqixTJ12KoTydFTrd0Ppo5hmL5cRmqA659ofpvAtGk=","TI4tfCUye7sqpFnEDB0fNSaTRJ6rGKYlsb7hsHr3UJ8=","mmxV6aVRyct/HZINXx2XnEgsDfP8FZ+nDwcFLQ0X9p0=","K7+Lx+ojncs0SKXO/+uCZ9oEI/xP+2bJIt2JMa6zGqQ=","tSrixP8HdLhq0iKIF+BXGfAl0bbf8WdzNAVi9WkBa88=","BaTvACa2qxeouqFhGmzMVK6RxxeAriyov7tx6fmDDE8=","fU99W5D1y7wHC0flMrieXZ2fydPfa1IstS6nVwjr0WA=","LMGqsL2k0feqAbyjDUrT0jycoUWfamQnn5cD1hcho2g=","ygGkzDUb/nsACKnW/lDuwL1KCxhnxIDmrN9XU2Wd2bE=","4opkyOBNGtQPloEm/oK+0Q17Tn2+EhMbB15/aClETUM=","jiensosWS/68F3DbeJd77tFd1IWrLKZ22AHBwJmNqz8=","Oqazhi3WfSOCfjYQiJBM4N/lT31VNZMgBoNq08jIWmk=","n3siihEgCN5gheGEqgSeY3Q+qoBZBnZB/++XIdkfskE=","LgMONowjdh76JEMljxOk2zOr+e/pJXOs1Behkiofq00=","5jB1A2uquiaYyCMR3M7vyMPNNZsYnItCqlCdzFaqNUk=","zi98+dPWPvgq6ZnSfxlRr5Yto1PTVwKw26ooC1sQhrg=","s/ZjuwsCn5TafI5owyYFTxGdndTZdEPt00QTYwJyaak=","oe9REcSco4oAjLnMXxxIbThFcJvQJL2a/ZIh04ZPL0M=","zIM8XaiBj4tyTDLWhOmrI4ImRAu69G0lXyigULZE6FU=","QHoXh7cNgcqRGFuUrA1FJqt2xcbDJwC+1AkxEOw6S9Y=","CqWirdL1iKHVWZa2jcjNExekiB94XwOJwcJez/L2X+0=","yV9YpKOEyaB664EjE2xyoutemvIuXYD6j6F7DfUV0AE=","2s326LF2CLIxRKU15D9rxrJdV5w2bqgi9QC+mIj/qME=","4ZvX53esXOA2z6DuGQfSc3aIBCNkNYu32Hn9JqvB+qM=","Yr4Nq7MBdj9524lU3SKXePFrh0VyXKcfDgMQDYVX7RU=","kSrlJIawqnoime6esHycUzzlyVZQ7vuZ5J3CJzB0O6I=","qLfv5Smk9UsqatqMv+HdS2uAiJ8LJrKhbPTxCOrIEHo=","164n/4pRBARzT+M3WvJAAhzuCWLN3ZX/hoXm2iFenC0=","8wWbHWuOjld7ToEioLTxawp7adv+upFjauXfk2/6hx0=","uCPtimoTPNQS9Jwubhlr1/NovFg1fwq/jZBB3Cb495k=","gr5mgjrbfyA0PLGLAekdj9ikOWedsUga+4wkCTjvyAw="],"block_size":4096,"path":"lib/angular.min.js"},{"block_hashes":["zFpxJWe+htNSw7yGMCqF6ED+ccvy6aYfJWrWz5HQahg=","JXgR2e1l0QWNhBSK2TW2UEGBQ1vvYl8PipfAqKYF7SI=","+3qaCwj2wkS/5H6+D7WqdsPlc9RRIZdi5nqN5aJ64FA=","sxd9+HQ9V2RQIse41XpzmYgNs3RqnOoZeszhBqJPIZY=","trY2P25ckoPEPEoQuWWYSgQnomeN27iU7T8QRnGvFUQ=","GX5lXyRyt4GEpDmZu9PVT0zMysvrDoXsEwYh/QCwIAo=","qggEmbgfhqBTQo0V4vR1deOMWcksosnpv/cVODE+xj0=","5gOILMvG9LjM5ytbVSZ3apoQWrNYujHr1418PYW1dp8=","NYKjoBjdV3eboZBQBwbZHNe8EIDC0UJv8aoRi6H0q9E=","g3KquTNVOEgif/pR2T1cJ6QpfnGufqQRaAD0B8DrtUI=","TTN4PEua27DkC0BdLksIt5BaJB2aVSAvPoimVINZecs=","Q1syWO8NJSMG06RF1Zsb/31at9kZztrYZmNPTqUZl0Q=","wke8BeeCEx3jtJDmPky2Y1ilSwn9ERxFtA6WynDYDtg=","KTxJYtO+i54IpWP1bRKzcZoB1nA4yLz76x6pIkkaReA=","ErpbYonGCC6IGpDqlly14xVlXRFqn4tQUhQknvLnpQ0=","HM4h0ZgRXVM3gCfcWeyl6qptx3i5gboCivexTh27kH4=","YT1/uhAedNh7k5OakTpfv5YxXiyuLuGlV2fev/W6/LE=","cQh2SovWaFrG4yOccwPG2xFaa3rQ+4dL9b+hOr/C/sA=","HCI3jrRv4li1njHb4LylgactBg95fFB5UH32tvCLfSE=","bejdXGAHcyXQNjhRy9uZ3Bh6eIWXZTbLgHUFxfZYVGo=","T3nj0ZaP/v50kqR+ON+5ie9wKEM42qShy/Rfe+eY5uQ=","sRyhahjxlOFBUTVt4c9H4fRGQ3hwkas+AYGitnniE4E=","iXJ12JmJ0NX1pbBK/fwSP+wcdtbioNxdmnkvAaXUtxM=","cEHy040nIzs0C16+AYKssGXMt6ftt9go+hgUKKLTYQU=","44VHLeyX8hgFyIGnFdbbjqzUnHtvtLeytzql2ohJoW0=","1Z0ZPzHS70TwV3pmSU9FyZtYseg17E0O9V+3GfETaRQ=","NUzPGp7Dr48Lyh5YqqOG1XzStvZefGXPdqyc5poT8PM=","wqUOg2J+aJm8VJTCFXfgJS/AcSjGyMvnHidCwHFs6zg=","hR+YtVz7RCZ99otFJ6664x75Y9RhvfzgHJoN+3OOhQ8=","Hg9pkMcV6xHMtg/T0vuSKU94tG1WIeK0gFPiYjIh2WM=","vA4Sj0w7hJWeiuMmotd99SB9T9LOzh+NMwt9EIbnz3g=","eGnRE+Ao9MNVA9Cd/eZFEwHGTLMnVj1lsjwFVNRUZoc=","8BB4ZJBASECO8YsR7fSRtb7/+Um71cnUaKvTXJ+0gOo=","epca68OJie3ubAWj295JkkwOhWCTXJSe3P8e5TUt+DI=","eo4qRwbS6ODzeljhFhp0mnkIFjNeAa/QcHSo0N254FM=","VdOErQYVnxrIMULddd5W/72wADrtSZyQFPklfXTClow=","oC+82iKuxCajjZ4kw6/KRUolQ/ZPjH0cx2v1+qwvP4Q=","rQfivKAwZPW34RinFe/a5c/prM6j6bMc1nOYRAHUAsE=","i0kbWMTMtBinz6ni3VKItiTTXBU/0WBcoApI4d6MK7I=","gMfpcR+GbxjEmWxfhVLDX53RoxO6ohBRxpuF9Bbq9ro=","LvvjMJdIq+8H8rTuw+mA6L3sbAz7ztcp10yeM1z+iG8=","d7SCEX2bA+z/uolUoeR2thiooA8YLHGhDXLOyMzxWMs=","D/IxohHxboG4kTHH8+Q1dX4IgBTmz+/EgNffqFn5444=","fV/6puKO8TIPE6pkhKzsoGt1HZqjVdujMBg+sXmgO4g=","I5ZFJRzUr+o2pDfXvOdH1q0Cis2JOkF9lsLxKLkbpH4=","Y4g/nNkZxUORwR9TKNvHK2gp0AurALDcGjmXGwm6woM=","jMDuO1D8T5DaGiIJ5at67SXg7v9RuHWeWaUxH+b4u8Q=","sy9Cx6LsQjIvJjkmaspQzvTlKRfNp4h3UJIdXdQ84+4=","6yd9ehkX8MGfH19RiLoTzkLZBTtJcH3SCLtXIgMkFzc=","Kdkenbib1/2YKUrSKOZUq/2GafmGKuGp05/3fMFI8Ls=","eVw1/Lca5+pKPj7i7N0+R/JmlEeDjZi6aiyuIV86eMk=","FWdqsL1L1S582TpxKcS6qx417Ye0bgUJcxiIlTZ8buQ=","R5mFgOlpKeGg/uAygrI1MuCvC9seH7ob+Pmg4QFv0r0=","2GkewnZ9F7eHdbCK3tpAEv4PSxE+CKZJxqYmdJhPswo=","JslM6jD3Xf2tAx4El1fUXwx2rTyArky6wFcFwtvchdA=","czFnQdkcavkYyRJs39ix3n5GQMbS/3UJ0MfM/wKl4UA=","/ZSdhOnq0NfyoHkbXRENI3zZhjeZp6+JeUdV+RfX6SA=","F2WTj5phuKoALq8G0bV5QOROrFdG/zCLEUHuYiLhhP8=","7Dv9CIv8Ht4knW5HJAxV1VKw08vZAsHBM4wbxwSrfV4=","uaS7L6T8akTJ1oFVQsLnBnd+CjIgT4a0vxhHXJNpjXY=","Hd/lFAQxhC4I8lnsUaI2LYwjDE1XYfyEu+YXXaOvImU=","fRam3o6IZVM1cL3y6a41j/8x8rzDLXo3Wm5owNvG4Qs=","AMnuRudKjLMDcmYepo8zubKKf9bS3uhy+lHSPZP+gC0=","IOuvmvJFBiYGsbr2ut+SWqhTUG9ojXzMI/Ax9rr7omI=","LfeqHi76ebb9fE3FLH5rd55BfTSwyRwMlYZ6z8nGJpc=","FFg9yy+gsevCs+0GHOEU5QuFVtXao2RWRzCj2oki68M=","hP9OXmNgD7ovanaDIKemC92Pe+mKOZ/sk2+HT9iK/TI=","NvoDLEdchRzjS1EZdCe7A1nfN/weXfyqt07fHfqyM+k=","oIbGmF/YElv0/LcsReq5pKkh64X6o8DiJ5gERjnjZ/w=","nL/1WJFADTM594ldBv2aKc2m/I8KgNmxw8HinKLuqPI=","LrxHNx4akI2Ffy9PNPX3c7gi/XDe1R1zdM2Yiax5Uis=","eA/yLfUGlK9r70R/fWQ2krvJBXcva3TJx3HwihGS4bY=","MqLVDDe7wJU+CwrUaWLwKC8Mff4OlbZxEl0FEOtAfaE=","U8Jcc8JGUvUJ4chX59dvb6xt4m6S6F8KRdhiwEIpNYc=","jP0LZd9t4Cgpd284zMIi3n48JeAWnLxPb/Vc0MTPy7U=","E2H7JQnoBEUBtqeSP16OKR2vcCvbJh1h721JECe8MXw=","VfQLWu94JKLHeUUh2QHSCAoDvxSwieL27bbUmKdkc/A=","HnY8F3hUhwJwSYCesO792Xa0pUckZdjOTCyaAlfBtWA=","IGUMo2RZTbj8/u8pTz1pSJQPIS7ijucEfYn1YUZ8pNI="],"block_size":4096,"path":"lib/canvasjs.min.js"},{"block_hashes":["RVlLdWC0xhFVktctQFcYve0fI1PRKmyoWh6V4in+BL0=","Q0aly7O4cnSUJFLxLy2JL+8fzryJHxkoVuNtxSyNHug=","gi87drC2AB37yWLHEjyqd+lTMmnyy0J1MkJtV7LE0s0=","NEwKW9UK/pKxSdZ5lLxwkEOqpIc8N3O8AB+UnoKx5SU=","oisZgBodHNc2NbMKXfvPKbGBVj8Nlc0pCF2OzAX/hS0=","+eLqvaEdTGK/b1PKpWNDD5i1274umfHUWKS/DVeNbks=","CF4bpNcQADJ8IgVC6JjQhCGFtx+5lBIP2SuxoJ5L7YI=","kAPEhaMVzgPEgScs6f3y1krloJyLtl/SWhHfz5OkPAk=","E3iZpwqTR5dJZm+MRswf/MU2cQVm49t3r12h1I3esH8=","GYm6iCQjxMfhlbT3SsbguLGJKhTU37Wm14HmozB9imI=","HbB43fGP7CjvJHZ4mAc269paqgI3L6gyMnOcQR7PGPU=","iDwERURIHiJ36aEsKJ3cqbVRLZgbtTlYnkbDAI92AEE=","SKVMWzbnTXtYxcbuSZxk3/Iah9VJoa29qQaqO+FK8Wg=","L0jUlCaTZ0rgcPNbEZAmT0h8xLhVhQL9yH9uc/IxwO0=","0N2cLhS8tfZbCCdbDNrbFedijyKHvsA2q6Qy6/RWuAw=","054t32jqp1cASIjqNGm1VqCRIoyMdbRrbVt9myckK0E=","7dryBE5fRz0X/xC2VkoesFpMsBYbhFnAcNEFyzCdvAU=","l65aZEW6wVQPRLqSQUUbZGMtJThxIYIYa9iA7/c0a3s=","GruhrH0rPtAQs0I12q7CGvx1igeAFF/1XlG6Kf1SuFY=","FarBGmFgjNSEwgHoM2fDAXY4IBKcRwbFFnufRlgXuxY=","NSr97jUbnnY7fQEUdyLNDl/ZbV85zAb12Dbx49g0XDE=","BBxP5u0258+IplN2bnYjQYa1ZmVsM5RruSV4KMk+QKw=","hlnZSBz7GOJLZ6AV2eBUvQ5rZVbVCXP/nJyGwhNeUQk=","HZTyLW7KAuRVAiPPUKAMYq24OLrdz+w4d3qsxncXZu4=","vrG512Ts1XBr6v9qliTTcAjDmm+k60lwccRqVRoaqMg=","aOizi5Oy7e2MHZS5Pxnsb7sPvEH1Ez8ZAbAh1HlUL+8=","DVKW+8gbT5AYUnh4g8WNuL5fgwY7u+p0XfFZ6qQ/+vo=","6datlfcyGlOcWuNV5cfxPo0IEhW8QJfmSw2trlj1UTk=","fciXYcdCmyTiCnGk7MqTdk0ZdvSI+CQVzc18ulIrAUw=","fvhrcXjNF+8sEP3UXURDzd7GMqhPY8ht2BZ2QbKNppM=","aUtMuIofHWSX3vFDiFntQ1u55WiuQDEdpyAbN1LMfmU=","Bqg6WImsvT4WAIVZSAYXS/OAMGdpy83XNz8yHV2UjX4=","Y3e7GU8lKFGGQs2zRjhZ1sU29DrVrYOfG1rFuLoIx+A=","n1BnPNAmMp9EDcpYLDmqAwZ7K5UFeAwJ3f9fU/Mftmg=","zOYJIHO+cERh44j2yfMJlscTdQiATXzafUrs9O7s424=","7Ov1OZQDbP6AVS7EqUbfe/kkKwRgFbflnMhfuZp2a1w="],"block_size":4096,"path":"lib/d3.min.js"},{"block_hashes":["dM4IUnCBCitmndwOsFwtfvklzs5AjhK1cmCKSm0JWvk=","BgoE1yAa/zum/7XcnnIicXP5eNySGaXk+7a2SOLNbfU=","Zisy7TR6xkbH4vkOyCJ7gzuanWvyn7ERr0nu+o4zu6E=","cmsiF3S7X/9BDfPi9MIX1HrqFkjnnR7NVRiNQygZd3o=","oNLt/tz4Swaxi7VUssIgQaqRjSnzhxXJGsBroRCIXRs=","k4njrW8lxvusRn/laPUoMouOFuV3XZlXzr82OmoKstg=","5D4VSLVv9gDAjUwvaS8FzSH+1dOOG3kDatfpY0Ub5SI=","nfJ7JCTRSquEMTi4AghpKaUOH2MbLk2+K7Fd0g2/bNk=","+dPBYAwu3zOf85DE4HPBb/d0btMqfxUEwl5kfx3PpUc=","YEFRjpHmkOq/D5zku2GR962csZQJ3gDeg2sl+ob+AqQ=","6K0cJJYRlV1tCmutAyaIrrNwb2XATattYu+ZcwuS8iM=","Ex94ZT/w4C8fRAIJmu9W3Ea7P3rurRdST48aT0ouzec=","G1ilxWTt1DNqL5gTxgtzK1nWLrr7uYvS/UNwwPKBPmw="],"block_size":4096,"path":"lib/ionicons.min.css"},{"block_hashes":["xqlkYJ73/C4+pnn+UdO5cs61YmlUANMrvCN7j1tlOlA=","G0HD1LI/5DkTLDuOUSsm1Fc1R9KrFoI3vHuxZugTPyc="],"block_size":4096,"path":"lib/jquery-ui/images/ui-icons_444444_256x240.png"},{"block_hashes":["5R+UAAxpHKVp8i3SHAXttfGDlP+tfjzGrO76kq08yp8=","bI03ibvrhgcXlMqPIFl3EzzM9qWmie7gHUePqURYveE="],"block_size":4096,"path":"lib/jquery-ui/images/ui-icons_555555_256x240.png"},{"block_hashes":["as3AKccYSTxxYscJhmhdeuZU1AdIclghwRk29QMEwl8=","dXKXHvjEkOJUd7pDAOIRMNAbKKiNY4v0Q/VQAgcQ2LA="],"block_size":4096,"path":"lib/jquery-ui/images/ui-icons_777620_256x240.png"},{"block_hashes":["J0EzKg32iZgO+TJjn27IDCKK9LBLcvP+6FFCbqUFwYU=","QrbYoDb3mkYy1a66OovW+YNpzyJ8ohaMkXSpeBQ5p8I="],"block_size":4096,"path":"lib/jquery-ui/images/ui-icons_777777_256x240.png"},{"block_hashes":["hURkb9iVfjWs71g2hywRVhdAUEH0/8sbGgw50Cy9aOE=","dXKXHvjEkOJUd7pDAOIRMNAbKKiNY4v0Q/VQAgcQ2LA="],"block_size":4096,"path":"lib/jquery-ui/images/ui-icons_cc0000_256x240.png"},{"block_hashes":["r+C52OBU2HauNaT9SrOTshCALOoApD3/LZLVudrYtv8=","Yfib6EiBBMCtab9kN9LRJINpZREmLRQI4wlg1XEeN3w="],"block_size":4096,"path":"lib/jquery-ui/images/ui-icons_ffffff_256x240.png"},{"block_hashes":["KqcBqvQMrw530Ye7o47geUzBIFMLrQB4MDt5fHqgdh8=","CXGxRsaBuhtSlkgtVVksRfy8bDrS+JEWLSr2TwxaAzA=","gEe2HBRs5gF9X+Xe+tsJXYywdrxjOXCDTc5/XBvgwa8=","Gh8r0hu9rdGXcAfdZRZBcyjrPcPnSG8QrcumFN8HMCQ=","0MVQewgDLFJgff8X9SRdCXgd+qlEVuaGXaU/uu64+6M=","HQZ4N0iIBjvqVqzOrgKeJSxym8Bvsm/MtxqdEEI9lzg=","N5GQxVo2g0UwsmNH4jstvyvAk3LIk8LJZSgAwxIbPo0=","AGWPP4j2iVqAJ4E0iHtQZUcGcHaMn9OjkGnuH/xL7gU=","/QKXvCI/m5WvSFfiXyofQmqPvY98PFmGKkrl7NHbQxY=","mTnMx7Ecyw5bLlKtAgDP3miwJTY4WZa/huFZYTZPBiQ=","CaObLnE5mke8gAjMvfof7VGxXFoo0i77z8hKwrliqTM=","NK4n82+MvmZnbergJYOU3pTZBMbBrtjGcgpGPur9Va8=","lCqyDfgAy19GWwMWR9E7Jh3e3JxRnib6uokZEx1Vy2A="],"block_size":4096,"path":"lib/jquery-ui/jquery-ui.draggable-resizable.min.js"},{"block_hashes":["EjeQOYzEQ/uy8P3crby0D1dGfpXvw8zwKuy0ti1mj2A=","7GAXAdmOwcSk0HCkbX1p0B+rGOiuOWGVjiG6aGmdheI=","z0z7M6aHQdUTCBoOOApBnPzX7uVMDrE/Jj3LynmtdXc=","/lYpAYNf5v7eSod5TYGzuuwBsaF0S5mSmstTSAGEs9Y=","kdmP6qi8yaBZh8X9mA0GY9O5Z1UuOxDHfVGtHH0llTc="],"block_size":4096,"path":"lib/jquery-ui/jquery-ui.min.css"},{"block_hashes":["ErvK5XwEj48xAkBCnO2FKwOslTPytRkP31ebssqV+rc=","pzW86qnUKRH8UlqXEjXwk0rIDvvrafTx8oWPQ70uXzU=","CN9sP/1fSN1uSC2ESWlZmtLoYKDB5DY7SeM8cF5vCfU=","pydKPnSbTUZfka4rOWqX1+lZ7buQ0RkrVZ9GRoY0MEs=","ccQlW55lIxfKYjci5Z3dsXiYaxdnh5zrjgx9tRKPrzQ=","8IU/puIKdcTLU1JjXrp7QsksQlipz+EN9Lvn2Enbrl4=","cqk4RZZ9UIek3SkBDVkh/FV3prj09QxGQjULjQT4/QY=","ok+tI5SchcX/jC5Suu0gibFHwC5G2ruGkT25VGC7tCQ=","x+EiVSog8MRZo/oq8ldkXFACgcAyShcsmDbUaQqL9mo=","nwqmKYkAXtoQT2G1niaC28FHfAJceSOuRtvvkHsbGAY=","5pIqHMRLMcmi/EOVkOLRvrXzCgTKKygD9OXTZGPEKXE=","7v3y0Vo9DpSnShPZMLmdD28r6F1REhMtG3ygy/+a9Ak=","1GRJHOm8JSStk5jXsGCYYi59146EKSYnPjzUlixPEQ8=","stPEKewhJyXAb9PaJex3eDbqyOrZ+F8K7FijffQc6Q4=","kA9spYaWcbvtT/RoW1aRDYvgS3k4dbNJFeAbA7LNN7A=","NFPKimj/cJW8YXVMHrgaOwMGyzk86WRLJkt7O9C2cB4=","KcUURjazsDhKe890fQA7h9zNGPxnoye1T6s8OWVVbjQ=","Z/puzszesyGPO6+rF8SsI0sTvtMztIXo9G3GAEHqiXE=","Nc9/XNKsUWM/RIs15KW67W57LHpexPWeVW9S7q9/sIg=","j9Tg4f4C9INVhT7IukQhDds6JcZZ+Zq0Sy4HOsFrV+I=","frlLE0qlopecqK1jOPnHK4z4vxSbQx+qiZBsnIuAVOY="],"block_size":4096,"path":"lib/jquery.min.js"},{"block_hashes":["hN3EE9IOgZ8fxouFKRD8kCZ7QiouOX1v9vpiw9370ac=","0nD2biQqjesppyQa5azSic+nSF/fzdIjVw1V/Zy2FJs=","yxeDzdV4b0tgMjme2UUqMIjsVtzU54Tf/i6ZutNAdnE=","w371LUKHOfxvPhSE5Z76Azb2OOepOmvnGRJ96ywGy8s=","mS+hFulRjfNuy9s2vpGkCuqP8DL4D8ZhTMAAZ3Kfd3s=","M2OPg1cBW61evkJ4BhsTO5jMOxjWV50cOxTQ0OXpTSE=","WCntzekWGzIzffgs3JTsSIrPGfvq82iinNwjs/8Ag80=","n/2EAtzZtrIXfth98Dn9NiTkfpwy9WCIH3LrV1N8dUc=","uFLOmB72nJuCYtXzHl2OdlZpkkxZKbmLQS0ibuiwKMI=","rqRJDmEXTN/P3saWx4QAcRSXdNsvHlhmYTV/7l0/4kQ=","Wb/BIfT7++DPleZolf8PzqzQ6RLvr5WaBU5LJD/MXwc="],"block_size":4096,"path":"lib/jquery.sparkline.min.js"},{"block_hashes":["Ja9gzqDQfoSNKBMJ8ogPFnJepHmbkJblEOMeWNehICY=","cilRx6I8dhY1O6+ZKuUWx0tewHhQJ0S4xeNzr/LMoTw=","/urJVRrzYNoRsx+mvbU05KpoCa0PEE/ntEDM6ZPpvOI=","575BwUVdWxD/VWfpuvYFBj63Ihn4OeYVvIvsHLjlHfU=","OJWKzvdEm3WyHi+PvlQ80jMZQHREifDjdEX/T9ffS1M=","7CnHmbvAqjmcx4XUmyarm2kY7xzsba7Ol+vbey5IQO8=","6Bb1RxjRnKfFbPXci6VBfEHxsU47xFleJ4BdSPE1keI=","HA4NcUdXdzRdaww/dpSm2HHrHEV8Jh+tWVFNlfNjeHo=","J8gRsVMiTgLJIX4CiXtJFKk7w0QhU/K/4eVjgMgVP6k=","yaSC/uIMB/LOfMkyWG2MBCgep6nu23lTr/5Ttm+MaW8=","/XzmwYa1chBF+AA5WBSldaDcsGA+8wYh+pmsXp3KWho=","esyy++rPCq66V+J/PSx+kyAcvPo8uyln8roucX6fw8U=","9xKUDQt0LMjkfntrLyeTKy0gp/vVxLs05KdTbOqveB8=","WSbUB3zUaEk0fgkxKAYkK16sEDL0T42T0TOCQ3IocIM=","dPBy4IwcB4DODGFXl6K5VOTMh8IL6/lxOVNm1dIktoY=","n/41XzJ/Liq9dYe1xB+eElPO4ThuCmBMQH9dZPsfJWs=","HnEwS8ELPFhlf7qadpBoT6y+ZED800m3PY1VILKm4Tg=","SuhHaartlgWq5Kdr8Sj59kJIcUpOluSXj487Nfxje3A=","eS9Jodfu8EXBoMN2d7PEfgiNopL6wuC+c6qNxWFTBaE=","SJ4ndRDwd0QMRVCSeLTVxIqYwa8Ab9egSB++4ylk+Zk=","V5e4oC721taOKkZrL1XljrvjWU0Gmw8q2qmKACMX2bk=","TM+3PEFwPY7ZnFge+RHOngigW1sxLqwEZWN+U3LXU/E=","9pxgfYTShe+5KQuLwOmPhu5Y2nA8v8/PNfi/NZHy6hk=","HWrUETHipGP258AfccRprTgyCKdhxS0I7V5Kfyj0DCA=","HDn4oadgc73DyhIWQKDQHLVHeFBlHPruJGjyLghk/uc=","InrcbXYANwpesSmnUlnMzrBEA372Xkbtl07UuCB9J7o=","g7jyePLue8gWRrIH130pEVGNO0o1UOw3caDmqCe0RpQ=","YxV+dSnIElvMp592VHCr7gIry51XY+f8EpUAFC1OgFo=","yLxnmckwfQZJ/FfdyMPIN9+ySDhkrLBH2miuYTPHNrk=","dfsBrSzqDnTUuk06zl3KKTs8bP1RkLTkfHoGMkL8IR0=","y4QGxZaiNxUk7/+11LZAewOsLxQ5xuoPjhPQiI4AGYM=","LEqck1Y7Gw9Rk+R65AoYkTl4Qk6ODXhA4GQCFDEWdJQ=","uXc6a/LKtCdoKPVLGqUBBVJnLXazYPBZV7ATWxJ8atg=","OrUgfOlvUOQvrR18x+F5hlSGRhXLGyVkVa09L/o42Uc=","l28iF+wfqmo2rmgxjhL0HaBcgPpKSEIy8mfFgDPuyWQ=","iWYRSDQ6ADJhsfhLpR4O6zbHJE1SjU1I8LyaoEd0v6Q=","2ayzwq7wkx+4eO+eeQRU00qrgqFC6fO3uqtdJLFkmcw=","p2roxuJyEA35qiKHeFShKuGDIk4LjGEXS8NwzFxsCSU=","SJmyIcOA/QcAc7Og2NlhoRDCugaHlM1uNJWNfWB676Q=","fldpLAA/s8DELMhTwhoZS1wpZf7Cl/zjrr7y4PNy5LQ=","UbcVE9bzGsnARZl3GOODW2/JX4wz47JE2p2zEld4tq4=","UaCwhF/b72ZriBZD3hUIHINQD+egD8cADY8A4UHkJ9M=","LKJkvNc1wVgRBrVwwTzm4qupnwrQaaabzCYoqww4au8=","qcSAvvKJgsqfujxOgmT98gXGGx2zfqeF/v06c0zeJtc=","W5Cm2CZCIOyG6WmTFCw1PILCthY5J7BL16C5q90yH30=","/X8LZ5uyx3WJ2HRkMSjuEW6UYkATxtQRkbZkKHAumjY=","zjvxQfhG8XXuygIW8rRZKmKLVqOEyIt/LVuDpYnqAYs=","nR75BqAgwAt7+HBDV6VFXt6uqxcDYKRYmXLyPXd4miw=","vszsZR/P1DLRBiPRzpFKhoSS2kIo4MQ//ws4Ps9vO9I=","G+SO5RHpB/GgfLNHVL4dI1v1DA+AFP3QUqwh2VK1lmo=","JaR3oS4jlSjBbed28OAJl0tVc8KW8RTtRlKT2Eudjx4=","ZWwPb0LIcnV/iullXMiEnae6QSCKknAJ5AgjVSyzINM=","5C7MDJCbAygt1zfc3+zW/0azWu+K02YHgPkPVYWsFcM=","rXEj7F8zvtxta5J+flY5CJnwVTx9ycIUzXvczYFvZcQ=","vBCE3mcKg4PhDvonZ+mUHjt8F/uGMP1a93MEraRXUJE=","x0gC5ygIPhoFv5ZSAAcQWYdq9eVlWnfAeuyiDndMva4=","kRDADmpOX6sh7N5Py+H2rlhICfkctjlVJ4N38tbNwJ8=","EzaiBjWRIulTjUG6cgzUCyavIAp0jX3rAnWcMKzXPWc="],"block_size":4096,"path":"lib/lodash.js"},{"block_hashes":["Gy/x3HmUo27rARSyUTB8tdCgjdSKR/QFfE07J49k/3s=","7YralY55hTK+anRpmNzP+UT5nZRF2AR2DD5x53Af2Vc=","Yi9jvpqAq//oYCvnFf+5ZqyaBCUv3IXrLqmhPCV4JNo=","ASmKcyBIXZN+iuhfwkhGiXuqCvnwx3Y9yZ/yRT2DqYQ=","mrwJT52wV2xuP2QU65V7SClgk195+5c0nJ2bmMMbB88=","f4z49BTl5G61rx67IB/YcuBirvFHHEgIZoIZ2y9HvWE=","esb98OOU3v/Kf/JXIdGq9/UAivGciDxkg2xvjmrM+Y8=","0SanU/4MtfrZP0K3DhcoklP6MSnb0MNtEXHnmJ9sYgQ=","4Hu8Mnuo5GBxzgc89bZKT+sprIRH69Ov3uAr7FGHxIE="],"block_size":4096,"path":"lib/ng-dependency-graph/ng-dependency-graph.js"},{"block_hashes":["B3b4fS/bLqLPsWKrDkN1701XMTC1VJqix2PugsdG1Nw="],"block_size":4096,"path":"lib/ng-dependency-graph/scripts/infoPanel/dgInfoPanelList.html"},{"block_hashes":["BPhf/cmMdsa09IMRYVMfif081RgUO+MF9Av/DwmtTIc="],"block_size":4096,"path":"lib/ng-dependency-graph/scripts/infoPanel/infoPanel.html"},{"block_hashes":["8Ie5q26PWiE6/zWGSnKhdG1pLp7mPX7f5HO4APsYMeQ="],"block_size":4096,"path":"lib/ng-dependency-graph/scripts/main/main.html"},{"block_hashes":["esqqE505QZMUaD9Dfy9LmBOYHaWdjvfsIS5Oe6GP1Dk="],"block_size":4096,"path":"lib/ng-dependency-graph/scripts/triggerComponents/triggerComponents.html"},{"block_hashes":["Q2sX/8SLXk/mO2rEdkTqqGOvBPfisaiIvpIu/ke1C4I=","OU1sQKN7moeYstdYxw69in31L3FepS3gkCS7czn+X7w="],"block_size":4096,"path":"lib/ng-dependency-graph/styles/app.css"},{"block_hashes":["euEQHf1ZeiMMgEK+tLmNc2T7EnEK4qBOLOWKuwuzPu0=","ARTSKuNjdEGsQpnhZrZDA3hbeevg+lWSpdUUEnOUqYE=","TwAtHXz1W5lNDMIbdD/AGn39duSoD2uhuHMBfZ1/XME="],"block_size":4096,"path":"lib/ng-dependency-graph/styles/shepherd-theme-default.css"},{"block_hashes":["HYSGF9/Fjf2d1s8YOokrEhztNjEvW3rTySxIPkTT2uI=","j38n407xTZRGeZ83XYcT8nzN1RY0OMLtFocZ9sZuZl8=","CUA/vYBtfWERkTZqAYZyKzjsH83J/xFHuvwu+ia6lyY=","z7RxaTJ52bSIsRngp92C3UDcTSSzm9HQQRjMGzZA7fU=","472UnXc0dHHOjbR1pJUec+rEwccBEGCjrW42nNse1WA=","KtINiMKPNDRj2rZ35lKxcgbryyVX8ZtZsH3pwjiIbxg=","6eU5GCV6cfDczp9dRLkpB23w7cKGpfc39zDprTpMiHo=","w3NNRr2rGsYOnyQKYcz7az8OHXFERf9CuE3JxRJDVpM=","KAh2Gk5eH8v9O76EbtRxWlidISguLULd8sUoBfB7ixE=","26vP6I2/rVekTRALM+ckb8XbJE8AnQpvlTTDTOq9pQU=","XoEIto6MVFhYANvAOisc1dJUQJLFY90Dd7SlC8SnN4k=","TYcbQH9IRCxs69zjE/v/dl2L1qDIKzdveVFYyKF4Ikk=","KCbu4CoVJzTVy5LiYYO6C/pnYpe8SBwmxkp/vSSauVw=","qMioza8t2bJzPJ76LlPh/nt77/FkyQgpItzd64GAJBk=","8murIadhPyzFLSuQiT2iWqQqht9sOKS8L57PE4U4b4o=","qCNAoXqjBd/JD8OkOFASFjbS2OVrI5RWlEXFtiZ6sbA=","YWtVDXuMGBENvJlV9kye1QfUl+b3DerZxV1X4I+qONc=","82qfzqV0aFGMMWR2bXOELwflfSAZCVA9s2ExGJMJ/R0=","wQm5o+DUz/OPzRPSveoGJOg1Y+vlN56K/YNySgB3Sdw=","QhVXS5+PHIUwfolw+UlmiTAiMaMTOevgrdF0Iu6rtxU=","MrHX/5CGo89+8NmtaidMltVmyW0gj73DCWkOm+d30XE=","Yd5O/62nykAnfRLkJITU6vxipgxQxed9ER0e+2jQKJE=","O21DH8+ezYzuR5Z1aLZ0eNhj9ZsAD9/cMFqerqySQRk=","+69Aw+By2Hf5I4PCInXWqUEo92EgtG3I0uQs20n2pww=","EHLWk+q5v8axypdkCNxrCZrWlKgnQqPKxIxZwEGPHd0=","Re3FQEEYHUvpwWp9yKpl02SBSSeZYNaBHQsuJVZWkGY=","Va53dRlQYTDQYXejbEneyyFHu+KUjyVNwuMBiEsIGBE=","F1zs5LlNwaXMQAIYjGhUGx+hTvcrJvvPHUtLRUWpVmI=","4QZ1uRbtX6L5aZiIO9QctHsqRg93hnSbZ9yhqy8W+Us=","/WDRMAgIp8Lk6nTvMyFsbOY2Yq+szYp1huMN3iDtgmg=","O9QXF4COeIc7jRFmeO67I1xHK1ChoynnBqfhBBZiSdo="],"block_size":4096,"path":"lib/react-dom.min.js"},{"block_hashes":["Cjo5qdymEej7+uEljCTZ0yaOKQn1oEEB0H37pYvxg0M=","g8ZyRZV+5PF4Xi8T1Yu5PTC+lZYfIxfRrotJEZJSRvI=","KFHP4iQlaB2ajrVLGH0V6fxYv1jFGfVENXjofUIVNZY=","4xSSFaJ6tIOn51oMUeAlTb7AqtOXWvw822u6UTGoCp0=","tbANwU5UGkjFlEVUZ5Q6LNmSbYJVYhfUVUuDJYkkS84=","WhE+y/qDlAbtvEfwq1zG9lZWUKrurlzh77gWy9A04fY="],"block_size":4096,"path":"lib/react.min.js"},{"block_hashes":["3JtpKfom4XUZdJ8tCEh5n5EbKNszabwXBXBCmCRQ7Mo=","LCny+UH2QGvJoxiMpt1Xj53mqskm5GWDdK9T5tTnsSk=","YEm33MZga1M1uUR/kctRrrfDzDI/EfkFz05Ijq/StzA="],"block_size":4096,"path":"lib/shepherd.min.js"},{"block_hashes":["BBh4irOb+8AFKc00VSiIWbz8bWSKoESq451RBAkx6Gk=","A1BfbhZdet9Sq11Fa6ESpUFexP+jy9T71yo+haRaxfw=","mVWqdhm7l+tyxEUQOtvSZFe1eKvYiRYobI/dUAPYT2M=","xJIPeq42800tkQlA+JK9cBmvZ7NH59RBvTBpnp87YE8=","kn+ROLade7qPrNWLK1EYA+clYCSm91wpni2Sk+/asUA=","Tt1cPo0aPtZk3LoXVQkb5nFrH/KH1QMo8wm9UNfyryM="],"block_size":4096,"path":"lib/tether.min.js"},{"block_hashes":["83hkmcHMwMG2W8UkIuTWjpNGHDDJkJ4d+/bIk0FHOqA=","Fifqwpz6rUUL6tZRi/rYOA67vi4cr2N6ezBlMFdWXLc=","idl2S5VsN9+LSq6KIDRMXUO+1NnEuKaHrLcSVm0n+vs=","/C0IU99z2NV5HQ+Xs+kwrIG7WTi1Yc4qZcVtv8kNQOw=","mcvs3V7g7rsjagx94PrZflgpRnMNHutXjakBGaqerok=","0obdbozitStwpbxniN8+VM8B9TOgsaRLzOn//AN7fPg=","OJst6iVyTHBMTd6luhgv5KGKCGeggZIe2q6yeClUz70="],"block_size":4096,"path":"lib/typeahead.jquery.js"},{"block_hashes":["ieJuF+7CjOsTdaWVpfRuVKgzxVgZY0FYyYX8Go8ioXQ=","ex0+UHlzhp9kUnRVxm+D4quOQPAd+EFjfMQ4I1A2oLw=","QgxaCoXRodp528n7QIfc9yflPVurOj1MB5NIJkM2Ky4=","X4nuC3w1rYRz55sKQvYeF4p8RjI7igCpr7TgTYUYQ+Q=","g1V1dGCldbrQt+G7GhmD56UYOtXp7dbbe3rLdwdfHQI=","6zK7qi5ghZkhlPR+JFqVON8C/jeO+em3OnYCSJATkO0=","EaInMxHp5tgd2az2TjQRHz06+T3JvZz974pfMWIEc50=","WpUqVpWt3dZp/y19mQGXjHuVUUXB1L/EOwvRIoq9Dy4=","RpZQW1UO7pNSpqO+3Y2opSeSm1zGuPo2crhUXjNlIO4=","WLbW0oWcUCqKgK4nJ2eqzM1dIsKpOx240WDIEc0XFzw=","5acF2eH9MsSrs+zYFJ5/8+IC4TnQyQO+02df3JUfrVM=","zeKMXXEDWZnRMBOLbG8rcr/a7ImKMX4PmIJfbXd/EB8=","4enMgyvvCGd3QTXuUC6C3Piz6IiUnIhkmL4b0p7tPCU=","mworR2pLcN5sKVZaMohOh7ZEcfGxqVY160LZdXX/sdo=","dG7NCDDotRto7Dz69FcB2sUJYF6wYsurFU8ezpvYf1w=","QOuBUxdcz5c+MAUqS4HeLK6zYMe9jK4m3AFKIEjJNxg="],"block_size":4096,"path":"lib/typeahead.jquery.notmin.js"},{"block_hashes":["S76/gVG+r2JR59DwibQcdUhJlPcr0Fqcr/uRM1sjPYs=","0MAi+W0pw55VJyTkwCGiqGvSyMrtfAt2XQV/cn8qNQ0="],"block_size":4096,"path":"src/background/background.js"},{"block_hashes":["w2HkB+Ifkn34i4+m1kbTYr9G+MirLF23UlbfOXwpR5s="],"block_size":4096,"path":"src/content-script/content-script.js"},{"block_hashes":["M9ATkXubmtS4m6shKEQ+MkkVwGZfFKH5MUU/Mzqta7Y=","zWMaM0fhmTwL/cUVFGjBqcGNiGmqxd+zwPwRQCrr2Ao=","BRqW568hxZCeoTcr1FHaLzttfkW12RI2p2+a6k9Aipw=","h1G2DM2sxGoDiUbgIZoF+s1ZEEwRutXsLTaatbD4k2A=","0/2DmYq/xWXAwNzE8EjWhla07lbAHkBxmzpQt21/rgc=","AVmuEHSSGM/OyB8jQHVCwMzlWFbqoz96sYWVOthoIj0="],"block_size":4096,"path":"src/content-script/inject/angularinspector.min.js"},{"block_hashes":["rOZaVV9aMzjluANTFcER9xizW+OkANXq3yb3QdKKsnY="],"block_size":4096,"path":"src/devtools/devToolsPage.html"},{"block_hashes":["rDpmI7m7l47bgbWodKJ3kVb/t2DZo2EYkWAkZh31ATs="],"block_size":4096,"path":"src/devtools/devToolsPage.js"},{"block_hashes":["Ozb7ID+4kWQGfGCmCbxkfMtKSUHAr2CKCf/85kMFltc="],"block_size":4096,"path":"src/message.js"},{"block_hashes":["OLsps9y+J7CaYhCDhn+SfNUb4INtMhQHjZgJ03b1SfY=","K3Y9o+5f4dunOEdZbtkqsYYNk2Uqv/77LYt0nq5nHSI="],"block_size":4096,"path":"src/panel/panel.css"},{"block_hashes":["p6npLa0G8Qdfq92EisvPjvggzfgU2W0lwTJP9d+84IY=","psP8Xs2xkPbWH6Pl7GIlqSKGuX1twN82VaVqQjdEFNg=","TefKfJ51HpoSg5BrQJ1Dc4Jt8AixpZj4/2mmvRn3ULI=","zJKy4WUedFc3xCLJ33ICazpZ8w9kUsUsTSsHj4zfT4I=","Bwn0ImpaU4v3mQqrV2imIoYIR7mIn4Ofr4/Ye7M9xcc=","oANk5UIdHPuRlvFm7exvxu1Q/k7GS6IwoqKV1n/F9tQ=","iFZeTVO4N+oxizLBScbnU3hJ2kEPpf0SH9OCw5PcqGc=","+/kyT8RMdXUoeBDK2IzXgIncHbSQDw+p0FsdBcgyzY4=","4v/54X5QkqBn5QFCr2s5SC/z+B/2Nlcx4f6N+PKmkEc="],"block_size":4096,"path":"src/panel/panel.js"},{"block_hashes":["1r6TelOKYxFq+nn/fNJQwKeDedZRqqeZ+m3+T7P3p5Q="],"block_size":4096,"path":"src/panel/partials/dashboard.html"},{"block_hashes":["DD2qhANw47EJp5rIVPB0V/Ac6wCFqhgdA2wZDRyv6kE=","MfDEejQ2LpTFUrxiU7aIb1Kt8mbiclPnS/T4PA2uX/c="],"block_size":4096,"path":"src/panel/partials/dashcards.html"},{"block_hashes":["SEoX4ui0dVhSAsJpw7oz1zqEFUrCTIEBxOiv55L5cy4="],"block_size":4096,"path":"src/panel/partials/dependencyGraph.html"},{"block_hashes":["Ml0t7hdBZ4XVydYLSDR9LCrvbiqB+ZQjQe05oCInEYo="],"block_size":4096,"path":"src/panel/partials/digest-detail.html"},{"block_hashes":["tjGrQTO7g1WPe87zfynSajlm3o//gXFeC2ipS0BLmhE=","ZFED3k7W0Fox/78/OMzIsKUI071ElSF59cvKxh/V+6s="],"block_size":4096,"path":"src/panel/partials/digestDetails.html"},{"block_hashes":["Ct+koTTrGlZPmgkSIQsSStewU4gPnDE0Pv03Zlsculc=","hebUg4aBeQvkiwL8/fEuKnqTlc3agzOuDHZxXEgXu5Q="],"block_size":4096,"path":"src/panel/partials/digestMeasures.html"},{"block_hashes":["BlxjW7V/z3rH8Puko2DpGpXYB9ekM+7Nt/OQculMlCQ="],"block_size":4096,"path":"src/panel/partials/filter-list-group.html"},{"block_hashes":["TN63ORK3xg368+BwKXZ/ragg1JKDSEe0dSMX8BigasM="],"block_size":4096,"path":"src/panel/partials/help.html"},{"block_hashes":["XQrVTfSsghAG2S7wN5EDtGxmouDCddzpRUJKKRRVivc="],"block_size":4096,"path":"src/panel/partials/index.html"},{"block_hashes":["iWYkDpEZlW4w3k9irT0dXJyYvJkE8VUil4SGWNvb7uc="],"block_size":4096,"path":"src/panel/partials/nbEnable.html"},{"block_hashes":["TR0msOJPANpcZf8wjOv88140SLCCu+XpTDDFKnAFXUM="],"block_size":4096,"path":"src/panel/partials/onWindowLoad.html"},{"block_hashes":["hCnL4cravvFq3PpBqGu0QU74CTZbrQlgmnTO7zTAZFQ="],"block_size":4096,"path":"src/panel/partials/panelsidebardefault.html"},{"block_hashes":["ItdJDQyP1i5XVF2M8J6z9nyEWnJhE1QOBKYCG6gTOXo="],"block_size":4096,"path":"src/panel/partials/settings.html"},{"block_hashes":["wnMF2nIQus0Wx0Phv2bznrcdWMP+bnq9F9tx5ornffI="],"block_size":4096,"path":"src/panel/partials/sidebar.html"},{"block_hashes":["D8l8ImC9/51VpwFt+rZtcQT62U0AekpP6CaX8Anz3gY="],"block_size":4096,"path":"src/panel/partials/watchDetails.html"},{"block_hashes":["xY0E4w5EAgn9NajS6JmtrMEnSR9xkQHnaYZJFW9aHDg=","AvPtZ9e84X7iH2lKD+eQfPFmaWr72ecz+ZjMhaPW39k="],"block_size":4096,"path":"src/panel/partials/watchMeasures.html"},{"block_hashes":["TOLexj9qX1zIBkRDEigk2fLqRjgJrSJIODmRR+DMwNo="],"block_size":4096,"path":"src/popup/communication.js"},{"block_hashes":["8LnuMWeFcBn+vBGQ9ZXtd8SCiI4mfGbLnS2eCkCRFzo=","9bjH7P4pVEVsfwiyH1fHTvn0I++u4mzfXV4etStwpgI="],"block_size":4096,"path":"src/popup/popup.css"},{"block_hashes":["etO3cBZZuCFNrtRD2/DtvV+v4YwOcisDRkk+ptv2YMk=","TxCOn8Ub8F74tZtHgJfzBmh1vLLQpqQsj06+VwmKXAA="],"block_size":4096,"path":"src/popup/popup.html"},{"block_hashes":["sDhtSqaIgBwjOJroR8wUqSByPYmgNhrpPZX6Wt8sOTE=","5Q+fm8Bo6sz9VA1528DzpM3YlXDVvaftLjmyFV2eXk8=","QRc02Wy7uDmGPbs+aDSdt6tEH3Z3pvzLhmamkiawgiA=","b7YoC1k3D95MF/eKbtPdNHjXf+fdttEbYXMrE8pMw3I=","ZAJMxfHUaCCQXc7Jitt1f++qJJ3SymCKmudH0dXZ/xY=","voAdAlB6K5JCGsFDj3tEVKlVKz4TeeuWxPYSfGuitfs=","CBil+v6wHl35ACEj/1tLYg/2vYFVTCezVX/abTVpFlY=","rYV6TTspVI72arAZvEexxkzvMwO0XetNGDJiHBecKqI=","IgA+C0k8tEFNpCZRQnDg7Afjy8ubgHJDGzU6o0au184="],"block_size":4096,"path":"src/popup/react-components.generated.js"}],"version":2}