{"file_hashes":[{"block_hashes":["DwDcUONAL6iELiUN+bE7fcgwLkIuqUp3UnWvC4P9vLI="],"block_size":4096,"path":"css/app.css"},{"block_hashes":["AbkEKutQJrjPE2J2tr6jpNbI8h2/znGHg+eWnC8nvMU="],"block_size":4096,"path":"css/dependencies.css"},{"block_hashes":["vvwc3rrJs2cAEKd9NPovXgIoyVpCznBf7qJkD8G3bYo=","Q+Fs6mC68LlxWU4p6ldYQ/j7dXudtR8MatgehQz2FZ0="],"block_size":4096,"path":"css/sb-admin-2.css"},{"block_hashes":["Vs5BmvrhX0kbtVsrXPykRmj9OXwRiUBi8Y8l3cx5Vms="],"block_size":4096,"path":"css/timeline.css"},{"block_hashes":["SjG1Nkn6vyKNJNb4UZTgQlo4F2rrNmWn0jkL2y55mr4=","6+DLaWBQEQt5j6LRmfA2RHIc5YsbILRD1CRqp2CbyMU=","ZedbOv6HVWWhSeooWz8MWihFUB0hvQuHNUFGfqyLCA4=","h2iTy1+h+JoQKb/HA39bb6KzKx+F37u8ZNXgAlVvy+I=","O5lBUSSn557OzPyAzzzDpeBFgvi5XlQv1tsHyvYdRDQ=","6v4xZyaiHJ/VjAjcrrdbW8RjwbrJDIngaygyxDqmvfQ=","UuNrsY1pg4PtNQfAD/5Jw3y+UMjJgR7ChdIje6iJBgc=","9yvcSCZa1F9LXTzxzoBRlZxXQV7v5EmR9+2/4XZXM2s=","19dVSlPyQoUnGUsJGvAe8czgd5hrHtgJ5wcNjOj+Lug=","L9TShDDFObh/zrIsfHICEn6l4Mm/9zbJaPhqgU6gcvs=","+v+AHmNS4cHvh44+b57xc3yqz6cEpXi0mG06XcMKEnc=","Y9xZsnJicDK7ON/Q1w0RaXW5EPsVEwaeputmSgfG0Os=","t0higbLGj6sXJ8hxukPW8ZjC4kgL3B95OfmH/E5RWrY=","0ptRnu1DjDb+oDowHq8U4RHRTV3Vq1StE6vvmQLM0DU=","vpyvth6rySdj6YwZWt3CLZYowkGQTxHADppm76kWPLo=","tekNH1B0oNWMDoDqe2523oKa87xU9TymG7IHEGo7IDo=","7tfGZo03ytlaxm9zkAAxulHcrtYCccWj0OtesEPMO+g=","q1O20mTx+VtsbEsZQ75JQTjuhBe300pNhaTJBLs+uhA=","Lt/kx3R1jLcB33k6DBG2mnNyQvCHhN+8ye71urRSeWE=","3l8fIPBKTDxaqUEnVVp7hXc/lnKPSsmlaygxOWRbb8E=","6fhhINRtlIeXJvhtMUd8MyMXN0ojnCFgm/SYZumFgl0=","l7LG51A9f9D3Gi1+UDKP76oGs3Y5yTt8eBmBDSA6u+E=","lqi3pNePlylUzO5JsM/u2wYxq8z835beDp+qerNLuW0=","tNv27L5eu8fKI+b6u+u1k4zB4X1SlN1LEXaJwr9I8Ts=","8gsTc3zZa2NWva+hgTAnkM4fVYjAXa4zMD9YB4L+Gy0=","crM0EZIrKyr1bqWcCbXWmf3lVDMVOQQYXG6yvfOhVI4=","6gIcm1Py+uRUgATOu8Jo0RmVzvKg2JddS6BwEdvmpPw=","rrLX55wyD1GWTakQOYDjifaz4aAJCMHlS6KxiDAbrrE=","Z+s+PNGa662PANRx30xB0wOfYl0nZGWrdy8ydVS3jBU=","9HVLaacZxgd3GRUua142QVsSeD4DZdiJYlCTY4nRh1w=","vRUpZDbud+PLyYqY/YDe9UwKs3/17j6ayAUQ937su38=","PqIQ3n9GZwqzH4DrkCBFi3KS/8Bj831pZXjVRnLKZpU=","K3EoZpLZd4NL6dAlP7ry6kwd0el0rE+r7ytkxdKiLaY=","BpHSE6UeN+PqHd4dxW0MfnNLFcZTtbvXX8lqJyvYzAc=","DYuK11aeBXA3XXdwFMAOl1ncRfFm0jGJQsheChORKrA=","qLGN4NiACanGR0ceDDRazB+hiYpnRZkuA4JJYSfb/7o=","CVD+GStQH1A3+L00AroD2D3NhYtWixMMrO4yTtXFeKM=","yXSuJJCLBfzAdcXuiOA6pP71BGlrM/eFJjgzM+45CvQ=","inJfl9Ef4MhBAceyCmNEL7XOitlOQo3SLVglHvpt6vs=","UUZljQOwgTqBwbtUi/jCEUxEXSbXrYFkrXq83wBN8KQ=","iJLNsbYY3FYa0JEmxI4++5Yypcc6ugXUWgSegYCDi5U=","Rdt8Huj5AuplF62OfyQOnCLiijudKsjCNVf5wFNCesk=","nKppvuiF548KV6CMEg1H70v7INlGzT92VybDP9W3y/Q=","+Bg5AV2S79rmlCo/KBcKJK0Pl3Hz0EB45+qnBy66YIs="],"block_size":4096,"path":"css/vendors.css"},{"block_hashes":["CH+AsR8Fr/lt4IwWi5UQMA448i16qV8xFZa5LZM6Ddw=","x6ReFQoC3t4YViC1V9wp5foh7GgZpZJmFI9S+E0JEzk=","4dtKHDkZq9G/ZHT2uaMxYT5/0sULHLRcHXXgUY1hTz4=","mhAlGzfdwAIC4vUBrZaR5sftNYmohh9P6yLoA+yYiec=","ED46NAoUHGDdtNrwuRbFb2j8OUCMXLmeybdbbMg/Epw=","dkltWjJ+UX2YWrkQM2/L8qBvljJIhaZwZmVT4CRjvUU=","EHUDaArBJ4gbSFYgrm93ItI/LkaXH+4tOIHbomP6Kl0=","iCsDANIh4vu0H4tQdYTZnffOYgHk79gjN2i6g4vU8dE=","gBDW1xoDYJ2wG4ZdWr9EXEtDgzCdkPs+xJaR4IZ1f24=","cbNjae6H+bno/Sygdo999FgAtTEr3Tpk5FpU03TX7h4=","b2vfCd3yKdpbPSd+qAkGgjTYsZMq8OUqNlwwzMlT1t4=","Ls9K5ZkMD3xlVY+xrQg0X7XcMmpHtgYpMA/BBQutGik=","AC8DIpOK549xT2xwWndI1+ztTCBwdFmIbocGSWDIdac=","ZYk86oRuKBPbBPCAA9u5Ao6UkVYN/yvQMk/Tr+uD9Fw=","kl+obmXgJnUFCIZc3uE4jJUmd3HtzpgpkdeYrQZ1IBA=","ZwLjTx7a+yJGIJgQj0uqHPaTAoXNykbo7iP42gIjpRc=","T3+MBGd9eJ5koxP2KLLaRx3wuOhv7rQXbAPW2H11nGA=","C6vE3OZVM7/+L5bndpD4YBX6lT6Sm1CcTo1ddfv7XYE=","VcKkWQQmMH8h8UX1/a3GVETb/zNsAkvT/WKffiACNGA=","NeLRH8aEXLEtpM4FVoW3tDBBuOic6caICZLaDPIbEMs=","Ig+j/5k0Xfsjhea/FiW1XO0RPKorPvhIANcIVbJGIOI=","pVQZpRKHoPeEPZtzFT7rYJs//dX++N/wJ/tJG+cUUQ0=","06tmA5wspFVpjBmuTcY5Z6xgQ+ZsXR81VksYtiuBHw0=","J/fChwiCqdGcVlC0+OmYILmHKghZWrx2GnPkjUrv9Pk=","ZTOwOR47Mwvf5oItwUr/ZWzhiqsIOVgJ5AJTdKpMlV0=","sBwJPHqVU1siIFD3/tB6jFih3wURZDxe2CqUTET5vhA="],"block_size":4096,"path":"fonts/FontAwesome.otf"},{"block_hashes":["IBbCHpAIASV7GQT2O5RtMOPXs2KqfkJuC8EyWVy7EUE=","hKMcWgzjDGIc33pwQQcbhxL8Nv41G8MzQMe3MZloYbo=","atUGFvBRgSqb9zHUshJ+Dki+DJZAODeIjE5M6SlvFVM=","LUY7G+BiFQQjiVEWwKTc0zvngZn2Wu4l2D0Mwgj+oC0=","RcPxangkTpx/WThPQ506tqX2NQe5TT2yZxgMVB0erkc=","Z1CUyJ2Z+U8i96xetXzFyHC0+Xwz8eAtqD7CxyfuUEg=","ULKK2Oj8Eq6rG/Mi4jBnpIULD2TQI3gwEj83Ik3oMII=","gonhYootpiLd9Fx+XbJFOqCTETDZy8vQBz0tyTN5Glc=","EMjCaEKQ7GY6KEamR3Bu5mH2p+NHZbhwMQIw3uXAwIM=","yPp+DLoKdzr96JxOgd1BMJU+9/Z8x9SOFXDjmeJ+7Og=","1ltOMZS9AEncHOYGpLSOzpwwMXFzwFwHDz/kDA3ISco=","+UZAsS2vdLwfiXDCEGebm4vgrahyYpKumKT3PCTYTrc=","vAuAJgt36QEsNDftyBgDGwgH2/FsJGCUejuzTMyfe3w=","5HMA6tnPm2NHSXZBgoJl/xM4uLcTRb3Pykf/5Kblank=","UTLAYQFB8GyC8pFNb7LKpvQzcC34vkW+icBQOMi5vAU=","ZRovYAVyBLAICjzewBTvhB9Fe91NzfORZOI/8KWfXA4=","qzDe+AQdraiCOCrOvUjlfzmWczGVwdsLiPq3b1/7wNA="],"block_size":4096,"path":"fonts/fontawesome-webfont.eot"},{"block_hashes":["gTGaOyGdOP/4BkEYKV5s3IpSz1oTOl8q8Xm+4CGqIUo=","lv0fIqypFFVScSwRSwiXEoMxR71a30k60K0KiGGRsmE=","GpdtvJMai+TZ2Ce1WwB6vIHkPkKlN+HPE7ePcnZeyN8=","xN4BfKOhrLbZ+MyNEwSwCvhtUM62CmRuq+SCYzscW0U=","VHwNVsj//t/jDs5/DhSyTbAJM7dg0hNTFj4kqYIQBmc=","04iaSpQax6TIjzUeP3q5ORJwXoM84ccRVfefhbEeY5w=","9Ex/orcz6RGXtEdo9Re/civlMV55ReSm2PkdAeFhKLE=","nCNyRtoDel7aaiDpXdfoRFHrRuzfRmXC3A6ZEzi+NA8=","DcndpB5edbumke9pZAhhCITjfBgEhkctoTICCibuWoQ=","Ef9Ifgu4Cn6Peh3v9VGbP0F+/CUdVvh1FRG7efiuWCE=","aWUZWsxLD2BowR5jxNlAnNUQPGZMNZWAG5ls0nnp7nA=","E7p66ugQmOpwXnI8xexvovnMhI6BSBRV+eVH0TwQ10E=","I83MNq5R/l9t7p1QG7sHbYoNlYznobzsDOkKGcECgXI=","0rXJFDbIb7Y0bvkOgMWXboCgAXsVewj0bt+2Xvmk5S4=","FZaoaG+FoevR1QvhgSru4aipPyypre7vXeS9Dr0UHLg=","7n74t5O817oF2hGNDwUIghrIxQUC9Rs+qgAQbzGLbLw=","tBgC9UNYjUpeSdQsqER8SiQfQR75rPelbuoP4n7eQEE=","JrjiDvXvMs2OvT3MHJm8/05mxKp8XfU8y8QqnL1hcDM=","OCVgxCjkwaoMZCxIodw66u/h85GM3K6AImFIrK/BdVk=","K8Tj43PjUPMTzHAx2sTJlHDIMfkMXp4PjYNE1JSqMNE=","E5kVxsHxzoSYKH4kyslcR8tQDMB7Efmfp58HFWcnt7Q=","0WeK41OpulwFHvroQYnQ5Y3MwqHyqxCA/G7Ihe9mwCk=","zY581xw1IlwmrF1KB+eI8jdQ+0OD34OTNPQKsXv4tns=","odutCY67iUpxjCHPek2SyfJiJAAw8+pUylYxhJPebQk=","hkhzWvW9HfGV11F2E5jI5ToyzLN316atBGhRkyuSY6k=","IMHXt/twwP+REHOhzfxD9zGLz683onk/ljKKmRIZNjU=","gOOVtbcfQpuJui4xE1Y8nBerLjlnl9WVOyykgKDmBl0=","xqwax7WlQnmMCg5muG4H51qdu8vEBoyfa0YmGw4fePY=","xy7AhhUc3BCJpo84KhMQ1KyA/B6PJZls6YrHNhIsTBc=","wNdd7zPrw0Wfk427c9rutSdSHghv2VGI0Q8/esMxfNo=","EaCUZ3LeTNAoE1lhedgdZNRsjy8UT8uL87lZyDFQvMI=","n6aH4Y1RLoAWkong94SrHBHLuHsYmCIE0Og70lWRP5o=","sURX+0wLGx7Mj/9wNcSmKKxxCCy3/it6LjMIBbX/0t4=","vZ3ImKo07G46m5K9uiDV330i8GJN3ioVvptQHnu6vXU=","8s1wjxmxScu7PnLroOOHlfMC7Bw8S7pvL2/OscX9q6c=","1iiROt3E8r2yVwLuACmGaL2wBzpvfuYmHMBKHiIqvPs=","xVg5EwbSYidxBEAR/YFxQLSKs14zQrONEbnxeF2aTyQ=","qjq39OLkZtGWM1MTUeS9tw6rWTheQrGSn32mS3SiSAU=","NamwnUcyujIZ5ycKry4OlFCpES+qkqhOdJE37iYdqPc=","HyZjEHO+BC5lKMB/XJv17LkLOD/Ka5h70CnitApNP/o=","PjNhefINg6YfZYSpbfKDIrCHUYGyPWK81TuDbc92IiI=","gZPSxQr6HVrGz2Lv18N9MSDxDTo5R0PIbSRE8zCekQk=","1AI1HkJ3K5cVW8fgg1OxElHybAJ2s3z1kKhegXi0fQ4=","r31LsnezIh/58FGTkG3lmwtk54UC/GeJcqPbrH2kKEc=","mLcPDcaGSG1wB/VoAepoFO4TKUqOyQgGVKZyws8K8JM=","XbJgfARNe42vNy2U98j6pHKn1mpaho75Mt4a46/HJvo=","/S6cFwTkVLYsybM9ewpBLDaXGTyStmo365Hog1MroEE=","t+wkv48qy45jVlgQb2N5bpYud+8Aoc/OolP7T9/UEkg=","rHz3+VbEW2cT2XudqcSbiRRour8ryv9LyoDoPUkKUBA=","qT2Zf28Q/MQRji8jygXlfrf19GB/uHitVj2fg9y0YeQ=","kNzp8mKQBCDnOyfIkaZMyzurvVw6P1nJeklPv1tLXJ8=","0osQWpUISaVIMJ0t4wL9br1MXRFr74MK5D2dlmkTE8s=","Dg2DOk7cJHU5JNJKOnXvS8r8KtZw+pNPSpprtDc6HIs=","OMxW6FD1Iv7SLuAgMfY/fpU5pwtfMRmXWQuo+0uyzlQ=","B4fnVKqeg9CMHHj+7PgfmupmEX2JQJCOxOuXcp92S4Y=","rhYSgc023ROwflkto6qau3IZdoMv0E037GydVD5EUpU=","ANyvyRYQgPyJAajvNDb7GWKGrBsBs59Pq6UBZArJweI=","pxaY7bh34cksXmj6PvXLnK/G29qng4tvSdPj+gVAXXo=","ks9S0I+Y8+n3XmUEMKox6feN/dCMvEqNBaRn2O/kGiE=","5TYQNgghXwyPkNLmYvQyz8/98fRSf64ZhQ2R8Ms+Dd4=","QLNG6ExZmn7sFpVFMpzNQdHbQHbYTxGhaXD6Xpa9wew=","2GM9THC/Oyp2CfZzwqHEl8zv868DcPT7StowSrAjdq8=","hczW0XcWSiYr60D+jATICIdN6tAxWZewnb+v+1y3p2w=","6xx6P8ehMWo/PM4FEVCk+9nS9htn+/vq2IHoSPghVN0=","IbYjewcpjkqFwDHxMLuKvYGL8d+m73VTuaCq4//yHaQ=","AnhRvmViFoS1IQv6iBVE1yTBWwBzoaemgDfeZ8PUsos=","lPUQbm/nsgAhKLDykdEBP0Mh31ZTIfudcicLAQCTI+U=","ijvp0S9I5A81l9a8qyqd1a2hRtx8Tjk3ohS+KkoBjB8=","V9hCoDXlX9TJrj/+podYAH4tBpvU8Dcg1G4FFLa008o=","kwIHi1GPrQDmUjG6bMQ4UTmAqOMRTFjnnDYFFlooInk=","hVmXQmCV+e1aV7TvzU2ullYA8Z5IfFstRlbNqae8QzQ=","Fivze8tJo3t8dcSKMcPUFOsiBWu5i6gKPSsMBjuzBNg=","VV+QDSdoyyCEA6F4VUCcIsPGgq7ko7JOFGXA3H/OdrQ=","TCriFscPvVOrrNlw4YElzRqBxCp5losm1SomQ9VWc5E=","D4HxPfoNct5q1BdLVP86/AhmVaS/pJKQXbmDYBilmFU=","m9O2js7XaiM0ti6IHSJlnFS+MqGdqkLTZ/tMv8RIMI8=","/PClbLt+cP98sYrK4/6h7yOTHNtw04PKmBk4580rXug=","t1SeHubrMV+OhXmafsIqnQGo5bNZIEjjUjo0DZR5cDo=","4TrFZJdtGQv13dru2daq9NC0a7GdgiohlUCrCg6snbI=","KD+ljxOY+H5EJ3UnCftDqlxlKcQ3D1OfibbQNTO0PYE=","i1QyuhSYqSIEfsd0D69TOo6+m+vApQG480uQI1qgAL0=","oNLZRy+aoMYuFjJlFeSlcWK/q2fwXbeVEP0aVlp7b4c=","sYFuJmL7tEse+EOoeOV/fLnROpG60XqOp8vvv6klDn8=","25qOoCVNyeX2REMjkAs01vJEg1NPtp8rGDNrA4k5FjY=","0axVfb4KjweNtJgHWcdqdmvJ6cIJddYoE6bfo/VU7/E=","2a9GCSar0kmd+IAAvIocUDo1KvLltP1OTB+CN4svLOI=","lXDBXismF+DVWYxwGJPRtKDLnvLOTlM9nm5xVNGFYZo="],"block_size":4096,"path":"fonts/fontawesome-webfont.svg"},{"block_hashes":["JB5QLoXNt4O20mEt+OsR3TmR5CdWIJ91s1XpE4RtiYA=","bqIJ1u6bGDIlS4nmlcY852MOJlD9uw6x4/sL1TtP96I=","RawunqpBQSQVBybVmvo/kMhFHIB0/pTHT/k9hhGhi8E=","cBCi5e7RdPpcvNEVNgvjQUqzsV8RhjuCWgf5XyFnJxs=","FNaHgMBgpWdNafCoZUQhh7MI51m5tkVMqWS/l1KkS9A=","wn4VqVYZzLAZ6xqB1X/wMaphF35SVL5q2s5C+YmX4FE=","k+gxYxBwVvOxcBYNsMZDxeyJHl2kCbR3UPQWHkebAc0=","3VExZYhrEgHOaEd9/MCAJlRj7fMNsoLoexjI2qRLFGg=","4GftnhQjyidG8IPmgBdqJ0UPOlUZud+V/7xgB60FPgs=","Xx0uistkYGXCU6YRo0HcOBWk1uJeYr+//kdpmkWalLI=","+3/gRNm6u5BNLh8q/Hu5MH0Kq2/Z2wAPsLhVb33T0bs=","r2W6qndaLr3Ow9sDOfN39Uqt7WKxDUYJ23mvG6Ssv1c=","1+eH0a4BEHTGh09kcFsE40g+Wp3OVKyDEe4Uf/2F8Hs=","keoH3VmkGFuwYzW0THT9H998Edce1HyyR9c+JI/mMOM=","FPZz7RcZGwb4WBa6+ZcZv1T2mzh44N/mdSo4oNdPYnI=","XN38tgN3NLX1sT9yki9i5jhmUanx6INak+TtZuduuzg=","JyyilkiL6oZXI7g0SotaFB2EEvGXD3TaTxpg/6W9CRM=","W/6LRTp97f4vRioiU9/n7vIfO0y1MaKhrnng0wsXFFg=","DKfdJxSVsGmfrs18suq2dCT9hYYVwejwvP1EHT9XGKc=","bNEbnS0zTrvlLbEQaqVp3cXLgN7ED3ruSByqS6PtQJs=","VLTOEAw4IsH+5r2ZORnSFnemOiD5z41kArZjbB6nmxk=","8JVIdpKJd7O+2+3d2OXcxV+Wu7FYW9Zm62O8Ahvii7Y=","+iitzRgptcuurkdiJYYD1OmCll0cCvK5SxRBvbePFDw=","8HNL8XkDUQAqmWhB+PSe8qkrDj5VPZsfcVqhRI5XH3s=","ZE8tWSkk53XPHADjIex8SIDtt+3qKBLRHoDujujX3OI=","n8yd5svKkAfhPRhKUSvGgNjFG7jnKE0B+iKxoCs2L5k=","C5nIRw+t9urXNifJAYgI8dYJBcXxUSugbBgYRYx7+jw=","Mmvg2VVBkKGXI6U2NEAuzqpNuelXI5OHfZpwsTyPl+c=","SKv4Tc1rBslTvhHsUaT4B3/mQYLsPwOFGmYBxNs+oOY=","fKb18EY/UCGRT7OZ+r2l9orCUSIEMs7KMzVE/PfiH2k=","O8kjNvAFTCTIsa4jVu4e/0tCvFbZD4JmWKAvkdY5XGA=","k7qc7NUd8Cd4fps+CRE4SOc4R2LJW19wkMYSSW7PIeY=","vcEYRUEu8DpyDBIElqbi5RnrrOxUXYMnrVEi7Upd/Ms=","EXiW4Aavl5FZSVcxa2vhGrU1C2+EefeAE7SKUoFn//0="],"block_size":4096,"path":"fonts/fontawesome-webfont.ttf"},{"block_hashes":["Gkw//0ViZE7t7XYhQxbb9eLNQ1eCI/fkMbeGQXy+JQc=","ySh6UJCpqKDK3nBekTd2RBr+lSj9ag9L8sj1zWt1foU=","zTrVNrPIJM/yYdjTTP9bU5+UMJXUOWha0F/85wD9eWo=","oMGwPmMN3jXm0I3LyyHbG4p08SHHDkk2dKYY1MDgYIY=","OxEwSZRw1C1WboGp2mKbASBtkBd59b3ldbhpVRYCkvQ=","SXLXoKddfUzYHSQTFXXAHz+weHrTK0dbg6uVilJanPU=","q8hqnAlvj2Vo5maNnY1xAZ/KnTxfznuBn8NaqwUCR0Y=","gxknUn2336FgInnZi6MQkgsJ3YFlZmJP3rl102KoI9E=","6Ol01wblsQnV8iZfw6rfCYc8E3FYQ23t2ztysLSgvJE=","/8jIoVJnQXrCnGo6ONYEOwSYh2MxlZWBffg7HUg33V8=","s9tYvVe1nMnNo8EqqQMn5Ao8eQ+ojbheMv9vx2diLN8=","Qph0WhvHeczVyAPyoFdk9nyhUY2Tk0Xx02kjFgLDe60=","frPCTey1RuiyPA592eaCODqGwZjtMPZxMZwuFa0wJgc=","5iGIz0D189h9oVAoBMVmQsYrV9HA3YJQ+kREcNAEBI8=","AwLypQj5xXPH9KxIWgbkuRJ29LPDvdbJqHj0/EvKhyY=","zrSbPgQp5T7pUVrAVFgbv50r8Kd/9MMjvoNbbgbK5PM=","sa6vlPS+U/jCrfts8nXMIOYBlhmXK32QF6jt9Q/WJnI=","JYdUhG8iQ8sc/ZdLuhsII66D5upIhKU+iBb7QprS/+k=","qs36mAxaiTLMmPj2Ihr9NMuqqX/lHcsZKY6RWq2uBrI=","d7DU2f0TV7aCgCa5W2UPla+1mdmsfDT35tWBgLhj1JA="],"block_size":4096,"path":"fonts/fontawesome-webfont.woff"},{"block_hashes":["yt0LF3KS6/Ufh1j8DNcwdGqf8Y/JGRLqwLiZeT9LUy0=","KBFLp6QNez7gNiPC5ua0/RvNalIv1JtW55Epftonl5I=","E1t0OpptmWUXfBsu5ttVmgz5li9VnSna/Ev9h1StDas=","2WD2WusHUTFjEoxHqi6WD5uZ60/mKzW1HoCHgMtne3c=","Tu9iinXH0a6aaTfn69tkMFA+Np5MpabHAmerKXo9AhE=","Px1mlh+tnStNbI20fN2BPtFyODKiSw9c6zF73kRrYJI=","9HT5etpYNJKNe7SbN6XkWk8lNlhwDXyijA8xwjkNguw=","3G4KfjTLbZFzFk+n2+Z5HYbwsr5NTxUPkR/5x3cPa7U=","XIBX0MZxRw8VNiJKQoQoyGoxxMEqYmtnI1kS1QkCEYc=","9B3vDoTOQB5dTmk5glQPFbE7Cswsl5ZP4nnBkntVADQ=","JVq2y3rEbXoleECEGhKcfRhWEJOedCexk8tHW+YNnSU=","rHZCtLGJ/wheAu8Yzu2LDl7cbeLZG0VNyMa4+WprN8k=","WjTxYYhsvx6aJ/rajlUsAQZYMujH05LxA/jjyUTzrhI=","x+hIGnACFUcRdMb5kL94jNYuXk4+Eii+wcK+tJ+SbhY=","Q365M6LrNM/HZ7ltmtqERfAzhQAALPOoBm9aVi5wrDc=","Fjhwia6rvdkJ8SHhIZMhL/V9lYCjJhtSKNb4oSbR5zo="],"block_size":4096,"path":"fonts/fontawesome-webfont.woff2"},{"block_hashes":["zQqgax7s4YYE6oFJm2QkD5NiBX2AArwZdvmGImyGL0U=","x7yoXVagEHoaoj1TvwG+mXDLGdy2rlbkfefz+MuoPIk=","4m+KcqHyEqhZfhHRYdjvcMaLiWmq8kG57dnXFBM8yA0=","KFWQQrTm6nQDPIym/tMw9LHjVPqow07H12dX5G14Ib0=","nTC4avYu3XPKfdxZbZiYtW2+LD2L5LgJDu6ZYlpFIyA="],"block_size":4096,"path":"fonts/glyphicons-halflings-regular.eot"},{"block_hashes":["DUIK+6TJHoEp2jz/YLIV7zUkVM/ZxwjyQWYnxBK509s=","EaJIT3GtLhdhg3tvJOYn2P5dzS5C8vr5AokL0ONmLHw=","sZ2L1G/3/cleL14J4US8rGlHj16NufwMNPSIjVnTHrg=","D67Vs5rnX2UVs/mVKloFe104qDdbYSpKnsvvmEOTBeo=","/cQP0QfV0v8engQgw96aXcauED4PXSEW4W9S6bvL1wE=","KyVrij5QPBLRcH4ES964CFj70Qjnp5tEHvOmfoxsP1w=","8f2TqS2fzr1gMc9BZg9Vw3JBiPHL5OD5q18F7m3JTow=","zo1YtWhNsKfH252COTV+Oo4tPmMD96L9hsMi7OQH0vw=","fi5ZEmMqb2V5Qoaf24KlM3HQ/zqZla+VBjZgQ2mxKW0=","QM2Aa69qUqql07oWX9DMbQfjfcuq8hGnm33gqQtCmzg=","G0c5Dkpv4bg0FSJOyi5ME2wzkxlilFBr6PAi3YOvfq8=","9a+NSOts/TGc3gOqJ7QPe9brvs/WaSIY5XRuW97SLyw=","Li2Wv6bY1qzBMWp1xdFfwVV3c5tfGa/UL8ZdIlfdFI8=","cWMV4XRYcbngrUYyt4TZFVW95aNZbwq/TH9OrW6rghI=","N7+GuiEpFGIxP251yQ7F1ktL9AAw2FK5fytwYuXrEjg=","wf1EEOHe+LdZ9bji09Iy//Vm2S/i0nYVxaacyowVSzU=","7xeSE89C6U+5W0sG/HeQZgIXDyVHhACxTumhnXAVE08=","I+IAGMaeqIebb7wNmSy0RFPaxXZHgwYkJfIEIuxBB4k=","4OzGv6KDnHXtmeWmyUML2ktNgtfjC4OsBS2Nu6nQ3s0=","rSKPol330BImFqKWPMfOaJgc0C7tmOE3+zmVseTXBsw=","tDVjIBbSVzLhvpAxWvj+o4w7lfVYPWoq6p/dEk8DGtI=","FPyIC609pdpgigaTauAOeKLZCCxrb8h6y2fqVw1cJ7o=","9+gYNgInDhMyGt80U7vGLoEfsH3oj7sltR8ZCVYo8rA=","QnfWd0GlbASOFt2Kihp990OjxjkT3tdJ5D5C8exUS68=","ag1P5rQCyxd/ZaHxTOU496h7VV4WfNDnzreGElkfmVg=","ZOh5vratCC7AkAR+YvKNcxrvGGzTxLCde/LIJLbHzxs=","WlIwEEGsSgfslJRC+VGcwQ+q42sWiDK9iBQh/a1K2BU="],"block_size":4096,"path":"fonts/glyphicons-halflings-regular.svg"},{"block_hashes":["UQj8MednkP0CqG93+1hlZyJQIciadgSIQlkzFPuqO9g=","3sCb/Ral8Y5shh+upo3ZR7gr1mI0msBjOtDvOfWSP+I=","ejnIlqNn6/Fakv8AQUVxAkrgSsRImTiQFmAxopjNdFA=","+L5zRUb1EB71EhgV9Fxo7ajdmKMcnq0SyZpyT7wIpa0=","IO8iChrU81ZJhPRC6q7d3V8L9CPoB1txCv0XP7JVAxA=","CkfllfXJ/oRgYeBZaWZ5d96ndjSzl8uktfNuiv1gTu4=","29HrB/SGUYYSTJfZRctxQgeEQKIY5UF1eMTNg84xLEE=","Jg3FaCS6EeWIDET69KrSbR1aejV8kl0tE3UqO4R26eY=","x8uslvxbe193tQlYrst8RFjBUqIqo4lWWnW9/zH5CDw=","c2hlBrl5UT79AV+ypuEeUmx8Y8awJLYlL4IKv2zvYbo=","6JyPFL+/Cyoa5sGRXhW1wsrYQJLnoo1S8zgxfOF2Pdc=","qRF25AvxvZp1VJbl5MM/5EG52WJw/1IQ7moAS3vhzVo="],"block_size":4096,"path":"fonts/glyphicons-halflings-regular.ttf"},{"block_hashes":["tZ4ReWw8lCN2x7lofUv3C6dqWH6iSH/i11YX7TMQ5jk=","3nCWhpueUFCeWduPaAaHIbx+gr8PorpnNeF0WBj+zIk=","AqugiJ1m1SQmGNLvZbpRZIHbL9z5p7VhEK7UC4s7ZZU=","sb08tG9DMsNqVy3eOd2ib2hsodvpCoUv0r4as5suLtI=","2+NvT+M34sDgWPMgxomx5GN1VcQgWyNlBwfFDex9LcA=","XS/N5mwnDp03UryRNjDEs1sjZjMxjPZAvaoJ64oemLA="],"block_size":4096,"path":"fonts/glyphicons-halflings-regular.woff"},{"block_hashes":["x8H3vJO6KKS4+GI97KSNjgGFZClwivRQxhVB7hJ7mhk=","cjmKtvlezysLIrcpUjE1/eezGj3QOxsKL94t5eAMPWg=","okvqaADJ1XLyLubudIo4/jmMtmadT6ss2+qdKKQwdzA=","Grvfrctd0d2maQtDOhpGdNTeLMbSu/bbhsuJ/7Z6eGc=","tK+KazDXXmTkYt0j95d1yTYiDsPJH0dZrBuXp8R9XMc="],"block_size":4096,"path":"fonts/glyphicons-halflings-regular.woff2"},{"block_hashes":["kYiJwOuMLJYQ3gXchwYn7dm3u5FHKZgPGD87sD0Mk8U=","0IkZcA2FP8ZsXoWG8uPkrOJTqXy35VFg2hE2KWWeA6g="],"block_size":4096,"path":"src/background.js"},{"block_hashes":["+j5DPZAYAxBpv35wiCV39u3TbXH53LQONxQt2Fxuni8="],"block_size":4096,"path":"src/devtools/devtools.html"},{"block_hashes":["ez2dGCPRuTMhR2XrE5g3sa2oHvp6w5kS8CWiJifLdzY="],"block_size":4096,"path":"src/devtools/devtools.js"},{"block_hashes":["akpHNEw7GeDehCZYJXS/ow7HShqC+xMhOnc7B1TStkU="],"block_size":4096,"path":"src/injected/content-script.js"},{"block_hashes":["cUmCIm/E2AJ+xb4dTWqXkxP9Mp5s43lRV8pCLtqvx4I=","pGLlvIkLdN0W6y1YXvalTtSSoZ3bM8qD5XDNIvwUxrA=","IeVMlEMDnvUuQLXB8MY7E+DLz9yLhQRaQXnwaDp7zm4=","eam7YZv9KFvoLEW+IyuWRzFiTz3zsqMIT3F53VrhBhc="],"block_size":4096,"path":"src/injected/inspector.js"},{"block_hashes":["T5gmbhQEsVVzukOpgRLrsEQVwKVbq6sMwWaz6UEoC5E=","pBGEpDoeTKtiF+2IXxQ5Gnq6ze4IKZWeJ6MD9XOeZiU=","1zm7witqwPQYppi+5SdXYCc4Nea+XdJZpqpcZ3KwCEs=","BW9GzSy1T1tXW8d2EobZk1viTdKLXtOSwoeHPrPqXRE=","iGXrklXct2E0XPZEiERuh6rtCZoxw5FZYz7KlXsDNTA="],"block_size":4096,"path":"src/panel/panel.html"},{"block_hashes":["cyThu6w7aZS280WbGb7ekxKK7J3Y8Qye7FGaiCzK+ss=","caW42TTcRPZujjdpmn50gJQkGHusGXlfmWbWVxzvUR4=","rnyZCNSiQzvkkZ6xY2ZXjachM5PP+RwMqUbeH1WkA44=","RTPNB1cGEnHF2X0+kFmj0K3NoUQyEILHjOyb5TvcY3E=","U6IFupp2jCtptPg3Y9Wd3dz/lQjXvbgxBItGqVqyBvo=","aOiB+g53rM7VquH3CZM+SBpEKdstlVHkp3oPZ/njyY0=","GrtBxnTK2mIOl6KRP2yGyzMiDpoHOVKDP5CqS7aZ8zo=","XCEGpgwxe022zG0gcoGSpQPwMFTXNDCGsydSAU+CIYM=","X5Hal0IMFlU/ymCLX7PDZo/79SbjXe4IEWXRds2AjMg=","o80LN/c/ErfELY+JE/Jx7OzfSKrye3arLcC308IuyMI=","ogXZxPWEWOcTQsBIaEEPYgpbHt65P+xYxEU6muajXrk=","WK48m+fqB15fKnncXowh+fAEC8CklRss+HxssIa2qmU=","NHI5sZUUXbGfaUJVj3Yo9BB0XOpZxb3onFTjQsHYUfU=","Z5VhvrMSqUPn713FX07x/isKJ5TTpyFixmg4QqOVUjI=","ioGTiNUiLE3e0iB3FcOFF79ze6SY31dkXY9OyNqOpJE=","VkN/W6/uSKuUc9SyOqa1To1cdevGas+k6KTK+doX2BE=","l1xTCkAFWf8oHRQsq8lEIB07i+gXTh6Xyfvt/8KgocU=","BSR4bb1yoI+VHDOdBqvhawjmm+FhTKWZoitzsUCLuPE=","9aYYlPRzQh/vRZk2la5ewuylgZhwOQSDfU1XxXw/Gnk=","cCzCiE5+KhOxtlhbjrUYV+crwZeOVmJGOznRNjjM/E0=","E7I0NTowi3pbcsGQyzFb1qFiy3VNrRpDuB0KQlIbOUs=","bZab0GcizoIaD0AS5zLqeI/XXFitd6K5PQXH3iohIJ4=","hgKGs3pB/XjYsQcOQkR3wpmlD/B/am8uYfLqWasgsyM=","cHnnnvF/5RITNLfrbBP2m5TFm4L5V+BXd36PSfp5sPY=","sSFHZikFsoW5TEWs3vz8OyLmpc0s7ukhf3TUa6vDsjA=","quCf93rzD3Jx+WOYRIEpHc7o0rwhZyytzWfQWuV+rkU=","IZl702ReYcTgrpwMnYZVzj+v01TsZoBzkkaU6B02fUE=","Ut7nI9XRroL+IzpITmHgJ/Wm33j6+SZ7HYAbrA9fG10=","J4RHjPWBIjatJkp5BFtKXoErYhbBapeWHUaIckElWDc=","ODTirLHwkSRbDU3ovmH7A9N8jsWT/elpo9AocmujBrg=","Cce3j7AdO058ZgQ6jBRC7+5GBseKb8oPyfJ9aQXVNj8=","2Sa0rEDZfjpyXgZKqyfmNi6+cBZN/fjYqwObLps0MCA=","jqwc9o7rN31hnhv4arHqogpBLmvSR2qWDmL2+6hKQjM=","jd2304MHsBzut4moho7wveQ0AMkuHJgnqKm6CUpY2VQ=","VUaBJs+kHqoDjHUPYXETZy84dt9TN1AJ+HBld0uPciM=","yu109cv5twPXQz21jVzSye+fBqN/lFLgOi8yNodHLIk=","Ntg8Qt8cAIhmbn3bM/ocl1R0cxdX4Kf4MuVeWeJnZh4=","OEH3vXXgJerr8NmfLe4NSnHHS6066gkCmYRrRZ60yxA=","zeeAjAO/4SThx6WeSCMlNl+bxkTvhYtcJ9bBF9J2SF8=","SG9uzhAxqrxgLScBGChXf1NUp6D5ikRe/VropuQdlSI=","fj1soCNbbdU8+2BL+W2x3LMpXCSn7Quc26M7L4GQsJA=","iLPsCh5xL9KDS/4vmIewlbQpX/fbTTgrzu8zGvBybmg=","stcbbJqxp7jbPHjIDhG+9t6trQHu2tsDQzs3P5LDcAE=","Oov0p/htXG7R/RMISyhc/h1lBE7U/w5AUQo+YWt00Rc=","MpefUJSh8O1GMwmjFXwoLAHN9s8eXxIOKuseqnS7uL0=","mYyWF15OjAqVH3D2bZcKAhYoOrYiVqiLjR+kc0H9DVU=","i9WxPtU7JDfM7PxIcHOIKa5LjBqk+NVWgRTScrg9M/I=","mMGZDtcSZsKDtg3sOzInVsxmO+Z8EYn7P1GUWdXPkZ4=","s/gfllmcG/A280W32MaMblxdvvMvUOmA3uYF4s2kRVc=","rGX1VSUykcWKzY8KjxofFZvV05ltc94hFcOMulHo/+Q=","qLfjZdpQDLb7e3kVpcr1TnvWZLnHER/jEyQGWj22ue0=","PBHdlV6N4oIKLUarDIR0NwAdsCI04cfOxS/68+LUVJw=","/d0YWHjuQaJU35ELY277gaSErf9Ua3Q339WbKGjukgw=","6j9noI735Iop+J7p1IIs4UMRT/mBF24yRIMH9TCJ664=","faL2K2EgCSgg/dCGOSdqHc7pQQCBdrKN6SWmIdWBx4Q=","udIXENlqehbOXSHq4Ay3Rkrq7oj/lU6oVdSMRXfxmpw=","V4Qs5HnN6S+rICfrSFhxPACqkrfkS0M3l4w/He0a3zs=","DVnIWJRNytiK4lYeXhIe6X0v9PAkbmRItn3TDeELoiI=","YXAPyvvcHi8m6SkNpP1Y//3Y7DvGdZjVCBRGrzfkYKM=","cB60f9zkDvPDuvKElYuPhnxG03IleYSK9i34Kq9pgus=","HzPvmbhLXW8bO8OceWkDhdr/3Rl5idfsEyynLN4Re6I=","q/SmYeC7jdOpp/j2cqN+2p9rGJ8z06a0HJPFEnb85G4=","hCkz+3hdnScInz87R1a8Q+TL6s+HM7TRlq0z7IrLXag=","ArELLf9Tk3he4fcQD6ROYgVsPonN1QJ6XqKzRH+rh1A=","WsKv95c+NIBLkFi2y+v+nuhrL8qkpAgkNJxRk+4UCig=","BFUIYjaJSQesyCpSBd9PST1mqIs4PlIAFkOXqTtrvls=","kbh/7MsMwKGWwvQjIhvevkYhZ1HnPCZ+SnrqoWY1NoU=","lQ3cPG4fCELHc70WqF6f1FxzbiyhAJo8X/GetR+hPic=","SqDdTgu046ge6jN0sm3RuJbWbICKVWaZdzr87yxDfOU=","9j3SJTKJz/HQjiuHmpEkOkqBrBIlIBGD2LwKa/u3ZYo=","tIEDbfumad4qbtSX/YYgdp3kHoFBj75M+rkMgA++8Uo=","VUGh0UCjYvxMTrpMY6Bqjo/Ahb553j1QyebBQYYkAj4=","vORSO3tGFK2UATJJtKGtbBZdewSRhXOeIQ0r6J6xiWk=","4N5Pv0AaNDl5xVe8245Fe9TtZws5N8627pxYIpAOKEU=","Ry5J417ddjMskuyHtxxqQ8ih/lOUcvBOzLAfZY4nIJc=","bWj3LDC+OMw0vlNmj3SaW1FRq1piCW4ChMs+uEQHz6w=","hp8u8BZoJaTwZZ89YN/vXs3A/qjYmwy8Wc8yEM75Evs=","VccUFai2jO2KZrLE9LzBWjrELfPxT9DJrpuZ0tEBMVM=","1hbqz4eYbSZj6qmraf6zPOnWl6aoVcUaoTXXilwFIr0=","1Y0KpSKxp6gh9Z4rfNENBYP6vHeZV+UBLCiApgHDpio=","basNhGITuzSAAsuRtjeBL/5iok+gtV/Qxv5ZBcuISJo=","F8jiQSLE+hAw6IBQ0Hbzq0aqCpw1ncUFQLjpgUT+M+g=","Sp0fXIVe5qUIJK1uk/NW0w5C4omYMsxaePJQ/uBhUn8=","nTjgFTXoYth6L/Ml1v9Yu0I5VpU9kbhfa0co+VufYOs=","72xHuGe5L0YnCIKOZT0bkKigB3ZV86PX959Zp5cU6tk=","KOwoS74y8zzaRa7pAZesr79GoabNEf03/2yZFYQKdPk=","fKhA6pn4j2Pi4ackU2xrZ8MWS8JAA6T8lICDKmalMg0=","Y6zvrlSBQDHApB3FsfthGk0jrScZDyQzw2Lg6iF/wFk=","KRViQG3EjoQwqVFBt3gMF6B/Y1g2DvyPntHzyFnQo7E=","XMs8AuijydUPXAhsegTfQADcSrLLmlzp0LRxP/qxCo4=","jCgfT4wqAW4yvCEdowZLIbPuu2xiN856emOojKEUxWY=","7gMHvb0j7n5orh1vdiF70jt/YYcb0hqusI9Im0nCBck=","HHX+T3hcHvVtP+h8fFaGvEmFR0yvjmRoBu8ilfU2PGQ=","GXZX6bcB69P67UWn4klfdNinC6Bc7rmUOCArcuB8oBU=","uIPKs1Bccx5it5E7wx0aLrBcCMnp6eTmQlwy3ZG7Mes=","NgRoNJYWSQaQmAPVKU0V1Ux//MlMLuEUx9vAjY6KGu4=","b8Fpqb/W4momt9Gzin3boECtPYUoBxA69n6Ys3DmMVA=","X7KPK7rES/QUGxihe32NmNy/sg346U41lxzcN6I3b0M=","cd7ctci9XI1EZSUJKkSv+LtKbFMivHmWlSQVvFFPdh0=","/P7B4uAq6w6/hh9y1QtCQjsFmQuF9Ngtb1+8omLpX14=","Gc37oroMmO1PomzrVmwvtunir9K8ww3M8f5Q2Ql2yHI=","MV2G7JoHuUY1bDhj90eUg9EMofjNRPbFtaBDTkp0HpU=","BzdzCeUxWEKRDoSdPDRoNOiZwnDtMwNmeg6P/EthqJc=","1AvrO9aDlLEDSN/nYcjJzr08fvEtbGn8o9CgjJktnc0=","GGVYxbmL5Px/p9BffrrKmhduioTBf8XYA8rhiZ8Hsjs=","LVg1defd1Di9j3MXjquHwy39sWn+JioMG7b7C3GFNuI=","Ym872fWb2sbKWqtl9WrkqakH96tPaj3Q7pG6jYT1wno=","0AgjRU5JD9C9BqBi/2SgLyT5J6iLLcoyZZTQPx5byn4=","nJ9BLMzYaXNgieLfV8GXDoIWqisODgQHji4ezxbS+nw=","/l9oa5JORGvQoldHdvElhlyXED4BS/kXqyhMTks2KVA=","eCZPJxGAfAWZ+HsHNbZd9bchRwVU8WRYXv55ygT3+/o=","MDjprbC1qIwbdRyyzYvLn1VJbKxZXN1Pu3h6bL8glDk=","Gtj+ov2S7rLNEMERWvGGrkPyOG9ntJHeE8UDRZ/MVvs=","mR4Se+0VdtjQ0fsWTP/VQmxwTBtLoLRmKKpmC+07reA=","dV5OmnVyyznrORprf+XqzrPAxibrB84nF8VftEwK2wo=","vOOhF5yS9Y/yIqKuVF5cMiYVygsvI4jTlxgoWUOqSWI=","vnvn3Txy9y44egfswVx+JUal71qH5F4iBUTEGZzeI1M=","DrrrPzqdbSpivEpUmGQjYMkDS/8LWm1whmDXU/44Hdw=","35LkL72ByYnn+wpO9Ar3G8I4BExdJiqEk2TP7nIvKI8=","l91LXdB2GjIFFqAKCZ/+RXdeRwOD0oEHbxNUptxnGKU=","CTS4Vt103p8RZ/BHGHu4cJarmQbeAk7geLb0iLKY/JU=","Jg/RZ7XdQ+RKlltKEOoYTR935xcM3SikbXSmcBhUN70=","G8p/VWG7u8Gs2CmNLuq9KUe97hipuzUt6wQ54J9BbsI=","2yWIpmG2zW9JtSsutk36MGbSYL6yXRw8bDqOA/YPYf8=","xkMwcHRvJsUGraVnqAkEIs0JnMQ4KOxM1y4DjQCR7NI=","VG3tw8vS5HgaTQcykvS2LLbq5AUv9cH+m3JmicbOsEs=","25j5biFCRdETVySXkWs5gweYyon9k0e/R0Vk9G7ckxg=","Q1Pw8BJ/Z1Cy6j4diefrjwJF3W+nWaySDzG7qCdPoe8=","kiL8jcMbSpYXs0N0gPPQE2B9jzlOp4rpWqbX9NxsBvI=","BPe6ZEvUhrUwbtd3Jh29H3qy8uV3qSd1nTfO25xbSco=","kyKV6DqBSUnjnxiTzMQO8dzLT9vklIQ0Zf+2jIAWUUU=","sWTc7Nv8I/E6jaKuJiBytPy+QdnxoxCjz7RBlDxSIOk=","NLJut2vLPrSXGARcJKe/cg99uYPNmHNVNbN7Mkl2Wa4=","xNLlSqixI+x67coW/Whgc7Cu8eX5jAc5JsU5LJeG+W4=","2FeoIYGlgsY/Td2Av6hBbjksaw9+NsuHXhZDo5rccoY=","GZugd059ewsLxtVwAdur6Ig5MOYUBC7KIRP+R8yFVt0=","YohPhuH7yIKMyb/WiXFZ5s/khXX3CEALid50kvevpyQ=","G39aAvPNKwYuLiMBlbxrw0yzERgpe23n38JXfgUy7r0=","Myf4NBC+ePerSolBeE2sIAsGzTGcmcRbi3vD2TGKZZ4=","EWvJgb6KjVjE5OWyR68hPGdr7BUdkerPuG3/V8un4z0=","Eyq76aleU4aTbIDvrk/Dffz8GnkV2uoS3xT3fTfhXt0=","GEpebOv/1fuxzs67iBbObJTnnwomtcu1dIBGNfvjUDU=","tXUPQJQFns7QQ4fMVsksL/u4lGZw30a0RIV2abf+94w=","+7QcKzAjthosvdVJ1Iop4uNqhemo9acse1q8MHldxsk=","tHlaoA4RsZi6JZcn4jT0AQdakzyWTY54vHmI5O2BlEE=","f0KpxSnv9PqSBr1HGSdXJKhZtnl2RiusqrgjinhzXVU=","a/sHVeyNsLwzN2nxzPDPUUuIGr57KKa7gNcCcSH2hbw=","tTdP7KNXqXhWAeDFFozMJGpoSYKRmd0xu0CuIdQjN8w=","7L3gML0mDIXzUqWI7+EWkJaJlNqCiCLJxpU7pFA0jlA=","6riw8XtKcRrZvE/Krz3Q5frnzBza+WHUyo/Ac3qyT44=","18i9k2Bkf2OhtSHBa5Hv2Thr50E2Ux33igE6cqQoPv8=","nqg9wlRP0n1nDFF9qjOXDCi276AWwjos/S5Sv0WXUQU=","3Z20cVYKGQwBqMedvMvc1k1FodRL/ZRRRNOtiIwX3os=","XwuC/hfc7Y9sKWp+R4BV6hAUMlXNkSRPVwsOgfwrQlA=","m2IYLe7QMSJFpQ60cE2KWJ3By+69CiROQnfy+TJ12v0=","i8U9/L5H1TtI1rumDyCoxjN0kX/g2OjKRXTc3ZdGpmQ=","RP9OdpnBjTy/wmdmPmnDKZVexLKKmyGW0egl3MTAeUE=","BrEydWouS9+Wh8m9TmRMmGiq/SlwcLLrJGaPVAHb1Vw=","Y9HSMKAuRWHKOinU4Ggc/gQDPjOQwxqV3S8QdJk6+qc=","UEQ4558ciBl/R0LRQG4/vNXGrTON+EmlCuIUScM7Y+8=","N+JaA3EQ8ylA1tCUkaB1oZvnKSz5E/ug0uKo+kIuM4U=","Mm+i0ZwKFUIrSyJqVEUAllknO2PPZwa7dPJuWQsVHGs=","ZolKGUBGkCA9qRP+QaZ6WJN9nX71+pgqwXyrNS1JD1M=","DBNlljp+rqdwhAoJXYyK3K7RbZ2qya0f+I5Jx97nmoo=","sA/CRlfGz5q0k9RzyAWr/iqiWvHOaOb/LdJd7Ccfxw4=","6OEH7j4xUFZLfLMDq/yIf5g1tO4q+xnFQX8EsHmxtk0=","x1AorpZ/bAPNAu/BEbzAvGGdPda0+QRUk/Dp0RwynuA=","rsfh9z/zzuZ14UmvTC8oyjBVdXbrcvDbAlioQzEcwU4=","EkNZHZXfTBK7mv5b+MTZTIjHeix7OYkINAeN5OLI7w4=","Xbbuwg1kKQVYsWr0GyOGrXyDMUSJVrc2zTyKabLHHCc=","iIHy6d8m8tewMqeN+PanK6zYnDYnxRNyRLB1AQUu/N4=","G9eWXJGf033cOXuGO5KdoO74gpqvlMDVlsAEuGteh0w=","WJ6jZ0xp4bZnPLwUWSUhnSZnZsS/0qXcXIoE/8OYJ2g=","20KXKcYWfRwILfoxgMaRq63jg+ef2uQfMuRfGuvjHxg=","Mja77sKMm1qofiEzHJR8oWlH3ZPHCLdVzGsDuZc+D1A=","BMx7FthBFjm2mDrYRkmbl4naA1k8V3JhwT4q+IWveUE=","vG/vyM0jiXBWodXgyfq0zhlaNP5Fq1z6vAoZssw9m9c=","CKfsRcVo2zdcYx5HWAs7sBRD7jdEHqm7Fwve4dLrFX4=","p6PsL4t3eu0jPsTSSrakJZUOJ8DEx1RPym54XHh3dgw=","hJX3PYvWQ4Eoei+sdBrFcNlUjg9p3EefWiwXLwUWsFo=","tCXWYt61J8kxTc9/yX1QxFEbWwIdm/lnSkC145VCK9A=","vwm2eXKgWmHgr/BQsbZ70R82SrfH0Z5RZb93zUwyn0E=","BxHWhYiJvas61abArvf6fwr5/C6zfVPFJWyMZYtA1Vo=","2k+J3RZeRDdU6iHLdgCsR0936xKSs/g0AoBuDPu//LY=","6bdQsA7InigseAR3uts9wWBx9oacHKB/wZb3sB6aI08=","dYeSbuNBanRVIvftjOdXkUwZYdEFPjYq6fXXRtqHRwA=","bqqftQ5dQfRaBlevdKSkKA4H6Xk2BfoRa1n9pNi5CvY=","qVrMrNwslC0nTXV0tJgreqiNYQ1/5dqhybPl/NCmRLY=","wHVFKp4F4Afccr8Pjeti4UD5Q9eCCm6sdmyzlybOUSE=","ILN1rze4WeVt19tz6u12HU5MuUykzhjGxWQtaBOAfL0=","UIuGxaD5JOE5N9RQZTDtmMFz4BRgv/NCt+oQW5/3sBQ=","fNJ8ZyrWCQZx6bjgfg/5Ew90cgs22xhfVc55+BbKZGU=","IVk58GLNqjCkOM7gsjnfBbIemJ0Qlic86sZIWrnzxcE=","i3aXtYj1prMAPmhK3L+45au6Vg4Y/D9SG/EN8MTaYEs=","tF3PD5yk+TF5NmuYqDcmB9/dwkc9t3GNHLemFrMBVGQ=","uzjId8IoPvzcehiua5tNtDUGpAl1M14FCxQ6CyWr28I=","HSJrd3bnWDlhhngLAUFxWjen8jrondYbVqXIli7yK1w=","OgoZdeuCOb9tCFrjwYbpnilCMMqmlNLlDBYNqGE4r/U=","jXZmXedXbGCNt627QZKod0P8vzsH1gAVHa1T7fmtryc=","a8amuLvcOYxLUKWkjRrs7XhkqhaXYJVLPIsuHqvyXYc=","8A5c0kp3lMOhmdhMdxALFHsRAWw2XLtu3gcb81la+QY=","8ZGL2e8V0Zb9W5Cz8auSQxvcU0PRQn4gnRuik40b4bY=","L68XbjnD0Pq9nUMzszcL4ZUR1e5OnkXCRTSoakYiffs=","3y25hUqvBhBGECyRfDA8VaM47YmnN3gszaQcKvDCAac=","4N3kY0Z2gJ3fx0S8JMPM4Jg3eqx97oNYxJZpmLQv6Is=","cXSzESKOikzNyAwPXvSGviTOjjW6OnKsFRHE9PpvDmQ=","xnB7ccuqn8PtpbSOj4/B3Daoe4XBbeM0oR4YimS4jgg=","no4jPp1HJU3dFxeNXkkPGKQfoGHUT5nJAKAU/c6e8j0=","SmNO9iTELB57ktlllrIaiMh6KnyJMS6zuPLlEYXGxaA=","bm4/xAeiK25Y5mNzIvW6j9I/UDhUKKoNockJMuh7Y6o=","YTb6vs3nXFWP5p9CtIPuoQ9On93LCTzsI1fFGMcAAmw=","zNLLNjnYvkOBEZUdsCekvCVN+LMkkODTHI/HRtQGBjY=","SDSuDMlNx9vyuNL2SmRq7d6kl+5vO1cNRO+KerlU3Yc=","nb0v0t00Tdjo9idU+Fk55Tx1QAotWPdKnMFM39pkqog=","ZOQ/L65Ure9+R2kWocmiPvNpcRfkkhyaxT5ivLzGPgg=","m/CmXhmGeiPc7LhBT9VMQ0b97SxWO99hzgLoCCPKtjI=","ZQpdkpM7FElSwq0ozddD3BZQeew4oRISFvYFmTzOOLQ=","CgHTufkxG6/e6/8t3WSaYv8L5UX2PgtTycebKj4Ff38=","lPHA2ZRJyL03n0E+UiulDILPaoDHakaHOuV9mDph4Zs=","b6Fvs7Fl5aQKzMJm0idA5U47TQViC/h5n8xAl2GSSYY=","d6B2XociNxgccfsup8jj7LAHSnQQLEUsX3/MsrKH0QI=","UCltC4bh+19J4D7/OK/uMiBpc710E30ya2ixPqNKc4Q=","hJOmjXrpCVAKjQJ+9mrJJS8UUMNIRMK7pUxvUFN2gyc=","KGEH+BtQgu4009CNCWo81zuIf+mMirQhyRGCYmIs+7A=","bcaSfRdIy2UpdOhtxzpC1wR7yJ1n950/HgGDliRqbMc=","Ks3d6ZofTs57PYOdRjfOYoZS5w8FwvgBODwcxYJqitQ=","sV4Xj9EOAlfsygGwNfeizw6Bj+vVJkDE+sJqOi8BAfc=","sL58jDJCz5zDuGd6483m3WGcjyOHgZpC8GCnxBiqjOk=","GXERhbEvlrGZhJgPRYYajBs3MpMBX34Ji5nuZTPSgzU=","P0GTFoCWowUFAujsopemouUDDnMY9zAhexnjh9JJ5ac=","C/onGyUFBMMJZXznyH+hxT3dT7YychmAYaZHUkdQxbU=","NSeq0LTDe/WghFmg1AqCFMLFagWJ3iY0UdMiWyyYALI=","f9uMgKgAjJp1skuh6VFHaRCuf24/AicnTjmnd+XuTZQ=","LViym7pdRMZPLJoI5gKH5lmbczRylDmm2hDReEduKjE=","eiS7yKNMUtaRyn8ixNEzMOzf77KO5KV8fMSoEvzEHPU=","aDDnR82se4H7Y66EDcgj75lAb3+v3ENsmz7h/7zJ5ko=","QmQ+U9MJikoOcxjl6FVAiJEJSsfHQAsZ2k40XtAp+T0=","wHukuTKm8fLZ8EP31QLgkhfdc2j2+oHnBzgzSLBZtis=","UcMZ5L7u1//DF5EPRcNmwm6vDk1VfGyY7RbUKx2BPHQ=","sjPDH2P7aL83EklsQiq/WUyt5L0ZuC7WOgI6eFwsMj0=","tB83uVSTyeXs6iGeNsJsrAe9DdDy20JvnHGUskbrLcg=","bFtDGmIafh3opy4gGbbrp0GnqXiT1PZrpDfUzTaP1eg=","uu4oAJM7C+yequ21ksg85YzathgeXkeBhLeVv7qWSMU=","TxkHy19d71gSbnCGyLrbFxLVrsXO8C0gMuEmQka3DHo=","mKPDgh52vUv0ELOqubH/TUtnBvQLd3ag/AZ2a9kvSns=","pmyVQ8ikZ/SjeCj8uJI+JpL5XHt6NIZfiIBE6D6b2es=","M31u92FMJI/gYMRvoXFPOktO6zID8uW7dv10/bPG690=","R0YEU5K1/NoAvARQhCftdMzWjbSR5I36Br//jxMzTUI=","NCK1wGiZH7Vio0a8uUwNHKLFrLziKwhQ4YzyQvIYNyE=","+8Jo5M1M6a1K+OzCnTCyFGf9khvkYKWeRObZtJg+y1o=","WwS/GYaEag6ojmNzSIbmFjO3ws81d7rSZuD9Plx7dJU=","QsjalH+xdrAaApD589KVZONquitRlBenxqyD1indGbk=","N6GQhw2GgkOQ9DMPhdfixUbT+pLZdmI7MfHSPht/WCw=","zARpXmoR6ydiYd5neJpw7Z5svXodWYp13h1tseA6/Zk=","v3DZt3Zq7FCuHp+TSgL8JpP2oNdlVJrkPpum36Hn0HE=","l4XWrhmua4ze7LBHX7LvA7Hy7b2YaJ/mCQjEKlH6Pag=","zdoologrLsVwNTmBjUFlESLbk38IQmEJiw8P195xSEw=","X9nmB70GZv783SuxYB6fSykntgLQ0wKynkR01h3c1nM=","YI0xfmymVThAkpVQn68l8S0BojXLBQQF552QTg5XwLg=","M69q+hZ5cJX6dx057R/WY62Jg7TsvO41FV12dPaJQes=","1MAsxB3/fLGnEbL13uGruRRsgDjUPnYcVlyoa2XuC0Q=","aSqJKdK/AZZsu3JmpSrO1V7J/iTFkfvb72b5OZgE3CU=","7cfyK3GYfxRCtCVC/344E8ANYgtSyW93f18nESKN0Vs=","KQXbdHTsWl5heFxe4yHDghCTIQWB9t8yAxKij2JXUAc=","ExmQayUvzOYvxd2jgd/9DvEtdvgP49BStqiozseo5E0=","qYIczCF1Y1jNnCnu8+ftEHf3M1LqaxB1baJFAL2Kyw8=","qtWYDqQ0JFoufkS0V4hSP93oeBT5PuMUf1IE/4oDJjI=","6JcY3h3iaGdf/KUdnxC0a4pkm/YI9zk9guae3shIXgo=","dmNg0o22aN/lrV5ajvsaTITPGURziHp16jm3CgNHeMw=","CDKsIfwIACh3r7dIDviQ9eW79x/0AxSXeW922D6rYrI=","DkbafkjXM2HIAHmFrWPtCb6mmFindRap81ls0R9jKis=","1X6OAHf/r33cal9ssRLM/9kChfkepmX0xdtykL2MW8Q=","sBCYaAgC9gyeCaQXvlKRZ6WeY1Uz5eoUObRwg6S9FC4=","3TpYBRSCVxw/O51+QiBGD3tgKcEcn7QCWiVnGy7+gpM=","rF+Q+FgV2sU/1jlHtp7NosmMrtS0c9JlUtr3N2GIKoQ=","YTR9Q9UGkTShSulX6dHmtOlL0V5Mztqj9Vovl2ADFR8=","oWqKPi4N6VxuRbMSpGg352MLZfdMM++57suHfCctwMI=","kI5LjPboCGkxq0SsQNDa8Ff0HMZaHO5Iq7W1/6pbcD8=","uOsleOOeFsX9UQbbfMObFfoelpOrZh0u89B1w+3PTqQ=","nbhztn2IJ+b5vau4ac5vrBIH0JS9fTjfaG95rDScCeI=","RyMPOXBPHfXfEs9OdZmhs6EeO8sEYYAmQMEFGcEluAA=","G98TAT40lOCr9BD18Cu14Uj3GKXNme+LykFlNGBLCX8=","nGg9tbqY3eYvEeZWHUuylzGJwfD9o+vTbWvEGaLwHIY=","DTmrVIZsLSMKRCX8qdV//1K9p/pi6ClgGM6xL0/MRlc=","Ow8OG67krkZy1zxB9Bq45AY3Qzx9wV5ml3TdcH2oUaI=","KO8puuZYNGFvXUI3jh0jjVW3o47mY8MmDqbbN8Mhma8=","8Z0haJ5HyNy4P+ZjUSYduDIUkQjYB4FvNdwflZSil+M=","6WAHh3olLzsg+TrQcPNapiGgIdozcVQ9xeCdOtHvVlo=","kpdwsqSx5jPK3s/kpOoVTbT6Em5+kj61P/Ucm56/r4s=","kB6sXcvg4xibE7bY5DTVYDHAajZlWSI3ZSb7dFZVi6g=","abD/ge7/B1xD7P+ewHHLpsghRyeJMV8n6s+Rr4q/FVQ=","hg0cctYTpMygCEE4i/DGKPV23O7Ry8torhyMeVJMFW8=","wlU8fdob+MYJx1CeWej8RY9cJyzCyAEIifbXJv2lmhU=","4sixVKsvItt5di6e+GHIvghdWo2Q96M9EEoYqQ914ME=","F6eV4uqgSYga0E/uuV60qk9n3OaA14I1Jt5qZK17vt8=","4kuODyeQ+Q1RxWv0nEbCLP2GS7JMGdq/W5JgD+ckbCk=","8YS+sX/sXeEkJByIousd/4SfGPYGdPjrd5T+1UbXcxY=","ZcgiNc3t3qKSsUO6mftmrIcaGvZBNBnQvULmwEU+XYs=","pYcUo2N5rLhKcYoKL42u9zmELutVG4vyNO27dYUHF/w=","1ktyXcLQ5V1NxopGnfP3gzO7xHUnVRcESDwNt+XRjas=","YKcENWZd4unJ/+t7XGLxH2j/th0qOFrJGqCH52rsSh0=","lWmuoaKd3c7+LJ69/UQL8ea47S9gCU5Jbc2s9xy0Dss=","jvUJPdiSlPh7Ji0g6tacLhUI/1Ght52vU6isvjPpgFk=","YWcxxtPeyuEM7G/Uy1ZLwLc4p13oU5ljt7rRDIc0y0A=","TWCGdh36zYhjscdKIKDS1Q/41jIu3IJQVHcWclgtyHs=","o3LZV6eIYDfFJDsWQZAQndlwRxPPpUjEb05xKla3RZ0=","RidNXieAMhxbekjsfZ+BizmuQ/rJjKO276tG7kTOsKo=","NhVHo391varZ9qmj26G3Yqp8/dRnXEaJ01gyg0YzLhM=","SVWImbH3zuiPt5vbo5v4LAs/xNXmaCOc4+SaTs16lY0=","TEVkkekbdINH/DHVnntjmiONkzPfdaYu0Vklf52z9cQ=","rWlvwHOELnBnVuzE4Sizduz0NR+GEB1cA40ESVXplgQ=","caRwXibta84dUuhAZg3K8pgC9DK5ZvwWqfGZtVNexX4=","bYQ4YJlI0IdAMWziP9DY7dYuyiHyt9if8mipXDnYDKM=","5RAJvAItBe19MguTHKUmL2BIOjzD7BeXaLCGPUX0TEs=","KONVrFJhtyFeuJH6ihPOJp86fdBA0zqBH4pUUMu2IPs=","aLxSKzgtsXn2xP3N6mhWR6Ly+jweF0eIC0PXc1iHwH4=","WTvE/zc5No5a7BdGiJ1OlwrdRgYbZbRTAvygmc4opwU=","L7CZtVk0C13HcVJx8nZ3VD4reMCNZkFsd/00Po4LbSg=","GSstJ2RaAkzeeH6b5lXkYINjKAaI07Sx3CZc1OXggkw=","s2amNvhH5l3+4tk/4NdrtGsPJcxe2ppEyjaUEW3SXQA=","niXQu28eXFKzSWvkyWJz/8hoOwZue39Ae8gfnbtFsUY=","oFtFzw7sWCMe+E95drVijofq+ljEGd9Db9brQDBw1Sw=","HH5T7WL9lYkgdmgL4DggTt0uHvpBIanrVxXJl1FsstA=","6BII67j8uOxPvh1+scP9Z9oq5XdE7Fs+08bJEPbMrNU=","hj8+n/IzO3UncYQafhmiNTDH82ZscBbwyx2RvyFkX9g=","x1eNiIt/TP+nxCeyt0DGSU8sXofLGx44Sa0rJ14KRuc=","yWPAg8HwejTfIe4unBP9TTch3SupR75k9+XX8nsc7pE=","yTnvweGRbr+t47ukH0/elOH1ZH/ltpD/6NvE2h76p6o=","ZStt9xz8O4Hh/Ux15roMIVGmGO+CYy5Hqc05ipzav50=","8Jt+Qr0vhObM7HqKUYwdTWq6sIHmL/X2ga53FanViJ0=","3pIXyrFxNej2V6ZEH69YQpwf1WqyewToMUpWXWcBWBg=","vyZw3dSNsNWnikxeVYBBLPS78Ib03GZpVkWDfRKAjpU=","iFwphpNrYI+W0LKLgzKGsR/AAhjUBBJJwrH1iYBfeVA=","RGcsUHvYG0S2FdwUUmsEbvpOuP6s9Ws3GONnngPcP68=","DnLWFMszt82Rih2/vmoAeMAfIs03tWu979Rz4a9SvQI=","qOFjtqy3Z/RRgubRSpgSXKrE5gOhHd9+6/WX/NUtCxs=","i5jjIWW/124EnLbFhPSGYo2rcU3f96Z6w4K98zMYOh0=","T7/iRIq/MRZH0jvebpgnQNB7o+hdYOMrd8UozXSd0K0=","w9y+I9n+XqkRG+mBtKxirEBg1aCUzeij9cQkqQ3d9N8=","xZ50kd47GjVMw7Z13ixkx1s79vLB+AQQagoUdIwtsiI=","D3kvMnfCqU/9FvgivE9Sne+RHuOeo8ddwkd1wbQuQ7I=","6YwYqnQY3pe4OLI+qAdAc8gWQmzSOgSTnUfrZj0EZrw=","eYDd8nv73q/jYVXjgRThLs+eH28Ihj4+jLmhc29QEyE=","p9ocenr5z8CiTZsJeEczv9UI54oRSp5SIiY2leW9jAI=","4eXP1pLlg5MnCwdpm76B24LS/85ZMu3yjJHTtubwnm0=","KhUZ6DgFFCz0n2ZLsWTU2Wx1+TFkT9JJl2ZE2Mmsv/4=","sI5Nr1nDywBey4MWxLoiZ67vUjl2e0WRmSnCnGRx9rA=","L2Pu/pagcou5bdOD0TY48xs6BVfjTbMl9GWc589zm9E=","Fvs66rVSDdMlruES14iyYkGLOe0AdhPcbW1RD672B2o=","C6O3v+IrwXNtrsO5tTeu0RIis6A1tyT3pVyXVV1ElNs=","u8lxEPUU9vgCSi2PcUEXMP90q3p7fAcV3oYvTyKHM+A=","Bkm9Zc+hPpQH7vsN9K2r5NIyPY9lixUI/p4tJqT+J3o=","3NbsJ6QzhUzitfR8BU4XRPlKrUjrfL2gTlfHLSBIQZw=","0n2b0yyBd6RI8DUWd7VkOnXjh4WyxqbkOye2/H/+aKE=","1IIQ6luZu7ceFBftaVmb8KQQqUZzKRfsxZgfKVYZtvA=","ILDb9XZJKGNHKRXI1v6FqSlzTEpmh1n3gPOlZx2E6vs=","AkmATa2aRZt0MNERpbnLxPo+I4VkVQhryrBetVpL2rc=","LhQpohY49lQIOxvcS9IOgMTFtxdVSt8CnG0SKEdKm9A=","/eZ0nEZoGG+FEpom1lm0RxaZ3dfP9X6gF5CpC69hk4M=","ftgPA/bZZOvZsJMh3KvYvrPvlP1ix0QnvoVZgTI05x8=","62BGbk99xvlJKpJjLC8MdHjYS4fptNFNW2nn9JcOM9M=","Hk2Twb3IaSJCHsFC0RK3x2rTr37Z3gWYFVmQtOMRVTI=","y9UZvKYwCj1nez85PbUGTIbISHokSwpf7C3EysqY84Q=","oNmu+d9ANdctXl5iaT3+Zg2mbD5p2fwNpJmYLCZtAO4=","5DrbzYVc8iCqnV38FIfVqr/jdVvYquKcS1er839cLto=","vha5WiGoFMOF3ACqBZfN+oJFtf8RQa+1o6/fm1U/Ses=","ddxLEiqF3+WrETVfZFVs4tNA1d2RBF/Jd+KSqewPprE=","UNf68lD5zmhTK5PhcjEuCVo1zvvVI7dhGSbmKbayWEw=","URHiGzrgSoqCZIeMm7ncA/mXtoqoJBh22h2DRGrfD/4=","3ihUP9uTAkiE0Oexk4R0pYYwjS4KekbFLGjSUhvTg6Y=","EmTYmV3C11dI8LLW/bc+51CEy8AT5XhkPcF++XCH2z0=","z6a97jQSu1nNT3SYAGnGEu4y3ajvhg/shxEChe+jP80=","lules4xZwEZY+p3S8dg5yde6e0HhfYpOlNmgJgapjtg=","VzlrvClZGSnxMXptgUyYq+QI0GV2i6FGYZAenIOfjyo=","n+Wpm3towxCBaAf66tAOkwiqlpUxTBmlhGtyAkcW8Hw=","OowvZC+ZP5gr50XdsphgR373GoHsPr7KtRBGuHAZHJE=","gi/6RHwcGsQVmgHOdOiSQsPYoWaLJIl9lPWl9M1pLBc=","jUeMPJmilxtF4gcle3NTnePPXinu3BGhF8MDtQvpZvk=","/07n4T68wfuYrSXswwXjDxd9sWE0lyGbQfNdOBPbEbU=","qiqLa84X6dcNWi1d/Uzb3fXak6WZtqqytqgOw7W4KJs=","P4gfjsxu1HWXHfX2CAURSnr1NVIUDBccyolldOd3PlY="],"block_size":4096,"path":"src/panel/panel.js"},{"block_hashes":["a08Hk3gqHESn26G9UOXgUU3+E7AhtI7zlrTi0G2pgJA=","nNXiyqQVRc5V4ug3DesbhWLah0ALJZJDoxy/HpkyRe8=","Igft/icKPyN/AN4VADb08kuesGgXFuqYNJiUzZN4nag=","yD4huCcAgodkDdekOgAKRJo1C+3l4nqSb411xQUAWvY=","ZRCklkmLoVYMfji9yAKL7AegkvO+Y3Rowfj/iQqvhYQ=","g3wPXlFLJ4PQUkI7lRxcv3FmnaGKHUGyRjE4wN1Nfhw=","nEazAXM5jzdqZ6i58n1xh3681fGpwy4EBhTWIamocRk=","efr3i0RirLU9V4O3KhU43699otUYIqcu36owhIdTWK0=","KMJsCnvUADn1VuVNLkhhNHbIT1Bh56thUjmjSmTfLEo="],"block_size":4096,"path":"src/vendors/bootstrap.min.js"},{"block_hashes":["r5nH+3+S4YPXMGAwMtRsAmT2a32+60II3PteWy8q7M8="],"block_size":4096,"path":"src/vendors/metisMenu.min.js"},{"block_hashes":["Vr1qblsNN9g7AmG43pH7RUp1CkZBwkvcYvG8XYYKyzk="],"block_size":4096,"path":"src/vendors/sb-admin-2.js"}],"version":2}