{"file_hashes":[{"block_hashes":["4eDO2h1JcCOuQXROKkm4m4mUg9aEEFZaMHzN8x/touU=","Aa/Of8I9AK8iwddo89QRFe6wNQjkjrr9FGwwaOSM8+E=","pq0FfPS4kMT4uXACnsIP9QSl5wE8DTMTM5+wqsK7PI4=","5ic0NuqY7/r3qPdPSsAMrk6J2s2MRCjmT8pk0HZE4TE=","6Icmek56tXGWaRciYQGE6tWrnWYURERIRXa1rvbqWw4=","2SBVuJqXW9lxoiaAvOPDjmweF2RUmawK9grm1RInU/E=","F56ECGiCpWO0/V3b5C3mxTMDaA+/TPtNyLkPxexuVS0=","uHGTuAHaUF8zm5rRLsEtTwhWhwSy2WYiTtvVn+8scCk=","JoMhFJKu0TbYEz7YRXKSz6dZAcnIasNp2l0YQHWCEjI=","wB4vCbXgi0zzB2bcax/ZJxUuZb6pM2YNEevYSQKE7mk=","gh4QNU0PK1DuJbY9B24k21BVTDuNlSSvX0B7acO1JXE=","HPW++fTF6AWF3GYx9YfYJdStRfEDyqoWY6xKEfN/Xik=","9ucWY4VLXlYl+2atX2PCoai0/OEOtkVLO1y+fgFjKJQ=","SfApzuVQaRJHeVqJLSH6vB78ScdE5vMA79QZxxY5808=","H+gruVvy9IPOkMhQBxLy1k0qK8rLQa36vR6FQPKqukQ=","7idM7CgTQAJRH7HZ3rk1Cqft/9EoD0Yo8yGtU2j07T4=","0lZDeK7ttyS9PiufO+PxBmDQf3immvqzdNhJVSU0x9g=","N77pWgvoXPH1JZkF35ZmgyncW1KKpsHLbZfCq/75u18=","NAVrdfXBBklknhKrwpz5OTWASaBwAIm3kIahJ6ThfkU=","pIBcLC3Vu3gkXN2FaQsbV7NxzY/Ruzuv+9RbA1fLSfI=","Ey71DYaxgWrTqq4f1/VREd34XhWMwMpoejBP5PN/6Hk=","EuDgemQcdMyCvm0BIzq0j8QnM9ifz9uSXaPP+hEImMg=","MIxzNtgxzaTHvb1qecp7N7Q7orAfBwem9BcsmqvnORo=","dEMqrAwDyprD3LDEjgk4+lvHkzoNYULcqUquKGqFR/E=","GfZKlGAPtFK0n91zNvtjga4L0mjArLGcRkNN86WvQew=","K2Q5mFukQghXYvMhq6ZEvwjQ+m3c5Z2GiGivmHShSZc=","eIPMePge5h0rtWJmRxHSQCG3BLJ+LUkl3iUjMUvkyrE=","0foc0uj46FczZoqase9S72X29VdSU2ZYfBFWBBXZpWc=","VDk3rYOfPLb89urMHlYM//puP3p658ueEDUfEXWJHhY=","8oyq8d0jeAPRlmMB/j5hEUcEPVoyBWNmBiHAIQ1qnSw=","VNJnr1kCn6by3EhLNCVzDtX32XArFC8Fr6jn/jaibT0="],"block_size":4096,"path":"build/backend.js"},{"block_hashes":["RTt1BCyT5JxDqsu/7v47uYFlcOBeCskALajRnAfU6S4=","VziBt3LsXw9DXyyVhCXDLvLTW4fXLYq4kqd8+ibhkJo=","YyDKtE1r3l4OundK9j7DwOjT5nMT2yFkwwNExINvIew=","Q6YyO25BlW7Sy2jCAflbu2zSq8DDMU1rEjpaZk+X+6A=","fm2DE0JnrPqOAPIjcFRlD19ejexef+63iy9iwNPvyjo=","auoNCnfY9CYkLUBb+GJZCad2TDoe7GPLSu8S6xzuszk=","L0zb91jZ5+kYezD0vmesmj1NHaaCIXvEl/epDTAwrO0=","HvecG9hkVtvPyRVA4PH5I2vr89WUl0lF+Bt38wq2pQA=","PHIWtU2tr4Bl/A33Xh5Sy9dRGvrlkL0ZFiHrDXRKzgI=","8cMzlsQevy0Jgd6m8Gv13SCX2XRXgjoEhf8pIhWZ9fw=","5aFbr9ZtPLq0md2L6JbnYjWgNXH4OJDZcg6DFAR55jo=","C7CgP4Ug53zX3kejLPZ9wvOdaeftzCGIiZK8PJAaTkk=","+VudAyf3WqVCwJSqE0afECMGK/wJ+gI1IssIeJjAMCw=","G7idWDj87GA0PJcixU8u/R4peIWU8UJr5KHDpeAdjtM=","5gyP7kUx65uWns7wSsD7GZG3/AduKL0/xqq5bd1xojQ=","TGxJ1o5XArF510lqgHEP9JADOas5eYr+oOzu12g4xVQ=","CkXW4Uau6M9jQgqYNVZ4ekuHaL2wk6SZW6t6UiTerWQ=","89esGJht5Gu7J0kD0Fn7be8e1PrU0kSkuB528o9cdvo=","IMQON4NuWX6Ztt4LLFI2Krp0DgqvZj844Ff5aVimA8w=","u1yOG9ue9mBRPceSa6OTFnRgs0e+sBExQghW9TvSfZ0=","yJNrX38KCB5y0Mt6isn6+Qh5B/++f1maf2L65dWNHqE="],"block_size":4096,"path":"build/background.js"},{"block_hashes":["sFeOzRF6kp10+F3A2Xmeu4MXAsd2M4/0pKy1Wg+gRxA=","jh6fHgxSJZds6YywVAErv7EdhyKI619fvO5hICY/VTs=","V6+mQwUvaFPcj40YHxL2MbDXqdjdBfkaaxuobcRFucc=","gAn7gB0BjS8d0HxUWIkuBzPxoLhMKf7G/ssi7Km3DPE=","os7JpRIrM0ieL/DCRLjdOWr/133Hwi0w0BEbVC64IG0=","H7t83BXHyLsmE6LDGawdDljzanME4RcbishjDuHA9QQ=","Qi8J10uHuKtzEiu0aUDKGwlq7WvDN64wHNQgAiGEtvc=","CqIWA6uQjs/Ab+F2reEjYXaUvXAiB2659UzAKKYmmdA=","RyjzVgnsKGdoDJKc9rRuWqrBb/gKpx0ETa6h8/s/2eY=","+cxyV5eBNMNngeczPwQ+9dA2663yJ64VivKKHi6jeaE=","wNFh0yIEycKDocomExK3uCLUEiWaIJIhINs8Ds/k70c=","Tc34lgGUZxtcWP1UTCRPi9pLpgeDLmLVk1EZXkhXNVU=","0djnq77mQe5BKgPHn00EjwLBuRLLy9+rHJG0q9IRgn0=","dsTzqRVe4Pigw6WrivxqqWcHQwWLMOVNtSlJjghatwg=","w+fz1c8JCMlLDG3brRZ2NSDPUNO0uAvdw7za3wSI1M8="],"block_size":4096,"path":"build/content-script.js"},{"block_hashes":["Nxm1P7qs+hHbtUmiIifZ5ZRlIOsS/7AjzpzbjrrwncE="],"block_size":4096,"path":"build/devtools.js"},{"block_hashes":["iECZD4A+dSC65IXTohK0zoFyhMmV/wgeyGsmAVYPm94=","WNXt2KzddqPjRSAuaDG7xNNbdgCzTyKp30bY4LWz3Nw=","hOfFIUr0ZfCJX8bPb/InXkXfDHjkIvaYaE8IqfbHli8=","uPEPkqVqbHm7/IBtnywVTPAYlZ9O9gpc/pxg2CxYGtw=","0NPCF8SJHKn5yQa4S9ZOwtP4InyiFxcUiMQT9KgBbO0=","6b64m1XDJUlm6mGc3Lm4c+aN/6y/fxvefxDKvnMXGdw=","bWxJmZ+VwkHqEAxB4j360Up3ANhuipgRybFU3Vgqe0s=","AKrh0hJGEdy4EzC1/DYddRd4L/ODrH0GczvAzx7bTG0=","zSGjpq7Vm6JmePCtV7a8WwZD/cpHExa/R8yL7GdlyHY=","A/bFjDp+SubcTsOKxXg5yRmGC7tR87KX+bIXmjreesQ=","x/4S8mV52TfocfolQSHJHBKRJw9Oiy+TNaIuqhY6HmM=","ZOzDCGr9ifI0OOPn7qAgU0OMWOs6fE23/ZesVIstydM=","0or7c+8KUz/XK8hw9Q85qSjUB1F3+Qjb2aPHHbSUcX0=","Np0h2kXryqC5LqcI+if4UUd7CHeXj0NQY7/LwUGmf6U=","DAI72Y92z9tSUGY/h4JMwCpJQs0Fr2wKEanbdNS9Qwo=","VcSGHMUuUenlpP/3ib8pRpxatN6XgSJd5ZZxkqFYe8o=","8gfm0gUW+Wi+d7ERkrrP835MTqc7heJ9tsRm+fwkYSk=","2rPWoiwSwvUt3eb3XUEL4/1mBKleXKLb/i8FhSE73c0=","7t+kCFMVdmh3r9zlIaQL3TgceV4Jj4aGNwIAclkeHp8=","q0ULsp+kmyBP1sKTEK+69JIxDs7GCGCO/f88jZLrabw=","AHPvsSJoCFBwmRycmW5ylGazneqt++V4vSh4VuoVfwM=","aiNXI7e8INklbwIgR9gb3xgAsUlixSQ1nTWcfRlKg8Y=","nk6F+GNn+eofbOZwzJ9/WrD58a2KqYJaGnMX0h/pEh0=","HuSwNIfoOXFwRimUfIlWPaZ+hNW7+eYrMUqTas+0FPU=","b4NgyWyfy5yzJmT4q6iUCLlJyWFYLBkug2GlMwIbeQM=","Cw2FptLA/auejR0YoHB87FkPvezQc9LWnCEAsdyJW6s=","+JyXVtFHREMw/uhjl3diWCIQ+17oZNMELtHPbOPjNP8=","XYuyE+4Au2pfGFBwc2TXpnsK/BlvILJ/Fi44JxbNIdY=","iQvQgdjcmkMtPaJTmr0xHlIQfEfW3uZWDfPNMaoUXcs=","wzrybn6AT2ELMVsSlPXcVqh8bioMrdgRGJMTCG34VWE=","2bIlUkoE8BrAhz+eg49fUb4Ht3CrNtv7Fus9vSSQ4l4=","vHfeuazCHw6a8S5lKC85gf9LbglMGbDWrBFWehdV7fE=","I++hxMovcIRxPUdJYtaWlbzeLKSma59IFYZWRRpfiRY=","gYZXjHGwrbs2CvIeSwvtq0SP/lY7lHn/iT5yCKYW7YY=","WDZIU0CAjx1a/bGb7hlr7dI9eC0VO3gz+3xLIHV8IpA=","6s4a/ev4mI7st+57bnOvLsOkZz33iRKxTGxhq0jhGn0=","KKy6phg0Q4NljTXuRsYHCYLpnZBVM73tsVlRgIruC40=","+L6RegTkM1uNUKMlUArvY6dbfHUkr5ucJEsSj/zsEDU=","KbdfMEZ573yRejstqFzZB7I/SlSnAq8GNVw6ilJ3FxQ=","W94e4+fSOraK1JyBHyWvLyoaB/bxrPHCikjsZiSVUH8=","zANlpd9xGWhoD61G3hTBhtOmptCIvNuNGFjppB2jBxI=","gUWJZijxIs7DcZ39gfbRmfE+2dnz91zi/p5UG+Ff6zs=","jVXQYDLyJY+5DZBcigx7O456qHrjXhlaaYAg8hcgyAE=","IUpmH0Us1OP1ezJjGcns7Ltkszzpxgs+krUkL3pwd2w=","CoKSzfm7U785XLp60VZH3nWLcvFYRWNxo5lgT6YkiKI=","F2MXym/fQg3RI9Oa8bk7F9arNSVjVrO0eQRX4xaksn8=","iClHKuTptQZYoV/R7hyeoN9zhz/a8DCSyAeOfqfd51E=","F9gVgIJFPUeXXXrLkk8/lG6QVmn0xr9z6eCfVQgQuHg=","e/ybcQtoyZo08+ne60Wr/ZbOc3ETFkb0+IpX5LAF1CI=","AJ8l0849qTA9Uzsyg0qBFqC89yltIBX5IrbfDmnik0E=","T/a85oPBm3qFO9Mx5QSBcaFaSZOpzF5GUnkCkE6cNFs=","bzRR5frksQuh/H+mAsJAm4Gzu50NBPAT774mVDRjU7c=","NdY7gZUCcrUDbyl0k/ZUylb0+BcVu5cEJlbzKnvSBA8=","5cczaJ3dymCgKsrRjBpbgmuH9Ek5wln/AgzMOn7F9nU=","S92c/l6sihPteAwShpQSgzPjrfC1LuzULnNl6LI0YUk=","HFGA9mESF3A3ipfl+E7CE9ovNVyBMZqjWMet/w8Pdqs=","NoxholHqsSeAywr4hSHmI0infv2mUlOTP1eZ6GT+cAs=","/EhJT+ecjW91MebsgH2fbyowM3pgwxZszz0nrfFKLbk=","rjo+Fv7xuJm/JEDB1b68OiXib0u+yJGd7HkqxODm3Bo=","/w6HG9+HaaC5nEGsv2xTTQtlCc8NG7lFIj4Zt5l1jiw=","Qho8VP2ZKSYMctyOZAesl/CdPAMQECdNMWaerg0fk/8=","1WT1H85EREuEq7j18mfn6ltAUMQx2b5+3XpfIcMj9bM=","Qnrw0qIK/nFaYKwygrpPVs2F8Q2VjhA/zc4is3z6XIA=","NhY4UGZcDo6VdNYu61a6gXM7RgE9U7GKP7ekiHpGg5s=","worLngooCe9xythKIlFmXSQgvho9unoof3ONrhe4ans=","xDPsOEgjCzGeb1NwOMSHBVviaEnBayVGR+7jK2uARms=","MXFA3iPBHt8vylXyENEr/Zmcyj2TiOlrh5eOTRDTu5M=","N2JMaykQGEn+Q0CCfFuGH0980qpk+HZSh4nRBtLyHPI=","G40D3an7vbT/kVMZYNXOAvtF9YCwUpq7Z3Qpt0Na5wQ=","nYjSU0PBwckJ1CBq28/dhpGvHR9vMiFlRoLi2zX2E1Q=","/uHhxnNhscbrrmtPCdIAQsmWPYWhnuabijo6KK6WEwU=","xoWNpYAlPdVo6JGn0AIWk/UlOq3jDe2tmEAUHjOU8Xw=","qrE7p+v0E66bDmZDuCKlnIY8CezmR8YIzRRAgtxrgfw=","AOYtpizluXcX65s9PaROx+GzVZymsRKo8ox9nes27Wk=","KqFzqrRQTgV/17hwsY8H73N1rEXE8QGRntkr8x23i7A=","n2X3XWSqpLZF/dYn02g2rZ572sK6LMzSwa2GLODPqUI=","TshLfk+q19M0BQW8NAT39BWgKeW+Tkl2EXrO77Z6rz8=","ey+EtfZ1Q1m+dxCwhIKyk7cDNZSYxQjaWj2urRm+rjI=","zpDfB+TWkqwmi23J8Lqt32Mm5W4/KsihfaAaWOWg94I=","9OW7p/4ZsijIWvVby2YQT8PfgNNGupN/USk2F/RfvFY=","a94xxGcfi1bmpbbQayBRA8ZaRf9t2VU9v/GAS039j34=","/oMbR9s7GrnggRwIxn1/QlAY0m2DUtqRuQgMaFDB6N8=","kQM6w+WO8JetRnhui9SYhHtRYGD6e9lweWULsEYFwUw=","8lf2XWtKe5vxh3vfCb4xQoOs++3m+uppCOHzg9K1ZFY=","xvul3lJVJWWTOghbNy7o1sxdSs3sY6URckX1cjzoxRs=","bYCr0ODA4jgpnfJRNtJOuslwC9Y8Ow/hzy7k9aBGqis=","JsbjDsiNgP25pR4xBCbmqozh8KdhppAhBz+f02/qsPs=","OXNlFb+7hmYWdU8/Y2n2w6RWERpfhmjvt8JYleuYvz4=","hnzliTZuwWDfOkBHPyrPUXfXZWrLmALxT5ggfO3WKF0=","EN8pqJfG8pdVZOugoVYMYPbvlx+HihtUCBPeUJbCbjY=","b5DOSv8r5sJHGzO6q9cygAaSr2yGPNisq7kuP8tWUy8=","rrUPQTvyiEhSRhawhCD2a57UQQ9rGkIs1lrP08cgVDA=","C+w32Pvy4wL4izVuf9HsoQDTWSlf+/O8/4ZdzvnVAEw=","V9bfFRJ5qrV59/KUsqb7pX/AD0Y1eY59w5M1RSPE9vg=","yIDvve4jj5A4VswYWsNkvqzz/3l209FbzyrSma3Ykag=","mcqxBJvktzDc8sDsgZCBsJErd87JzInpwpoCSdV4lFw=","cb0DbgGHSo7qlYza2CKWMbtjTFeyApV6oqvG/LEQXis=","E2fZ6BJ7SdB64FrQEuA+4sOEdCgnsUD+XOws4cPLU+4=","ekxtqoF4orxUcWvFFSBxG66H+yWptPo4CCfAtpvsm7o=","DBbsbKsCobmXX7CBBIQTlcJQ/92h8rFmWgua1SjCN3k=","sfzh3MXrgG8odVyb3kb4pvTM0GyknKEGF+7Satb2FAY=","zR2/x70YeMFRZwDTIDBBfMMNI+2KPYAPT/IhbGDrsC8=","1aR7xBr6TTKUv2e+J8FJmVWH9Wy4wpCXWwefN7jDz9k=","DXnc0XpQZTXQYLHIYEDtHYp7AlHO6IiTv9ORiRLex5A=","UlfUU6t76WnCUZ6PNhidy4cGO6Q1hTrwa4kaYo76dP0=","jk4E43I1RpffNsrdvqpXEpjI1xDtFANn4gg3aPEwcco=","wEHeZhnNw+jld/qNqRX8HTiCbvly+J1z7mD7lCh/Ook=","wFhEwosQz9FaxACy7D+vf6lor/41KI73EbJnzf5tU70=","u0J01VGa9He14HGDO1E5RJfCdnnJcngfAzvMjuFmKAk=","DpU08dKplo61gCAU1Etx2nZALyp5/fcmB3OdUyFJwoo=","fX0yckVrw0zHvOdrVntKtJMRWtkWRO8fiayIF4mtYDk=","/Y+ARqFTmO+1ToDnUxLquwHXvql4f6F2g5bG3OWhDJQ=","t77TdKAftZDXdiLBmAVIJ5GfA5DKRHghNNEQ8qsDwUA=","B9EgtyEb6Ch2M7Rv3eol+tyIrc0Ppu4Z0eIsXG6l45Y=","aFbi1vOVb+1XyrwHvESuWuts+Sd1KEY61QiK6Kfyips=","avwJOYLdgHqZ4kqwNBfrI7vJE3sRkpBcf8Vxfv2QHMk=","I8UnrvtPFvU3YBL1+rbf3sr01vtGDtRO9IRWL+jRz9I=","Ci9WUjHepjgU1USMX7V4OEgSopYLxd0/dvuNeu+uNTY=","P4g9ZYr0Pvmki3oZxXQkZQoqQbhh/TNOR/KLabjHxPk=","FPusD+UufNmwE1TEX2a8kvWhCA7u+aYv2gNHyGZzQKY=","MWUMKMfFddp1g0VCQAWMb5Ro+FAeAyzchsC2OXC8TfQ=","mAJAjd2wEJhUIwc3xBGaBWylg6oxaEV0TC8vSmhCx+Y=","xCHKrkI0tCe4sfTH8JyjT22ZCBprfnMMim/mwduQWsE=","I6fNcHHQUSftmF4Z1pojsCXM8IG58815p17Zax6kLtQ=","2/VbL/R/PwalhlRDwZg0i+NZCQk+lLhFbGfZH4POaUQ=","AGk12m8xjAeA+Hixz+flJbjTeMFfAx/fB6FFPFRjC6s=","Csq4MetZIMSxJuVTBBkaMoWlo6Y836SjJ2P6j8ZZRXg=","dWvUccUwa+ha5Lx3Zk3jaIISpivfGVLd3J/z7VvQnDw=","I7YeQyyt19u1D1NW/qQ+jWumZY7VeO8kRypukOp27iE=","k1AiXoU2kc19IETimi4MftOdzaAxltCF1nWnSZpkVmw=","+w6CfMzRbVrOunhAJayErWoPDNn8C0L0Ry+Hqeq45gI=","phFxGuK9nAw5QqUvBLyIQ5HrpygOTh79pj3SR4Hue5c=","0YdCfTaMfTFy4fXDBhWQLkcQ/kcUn0rHMzZMJYePfIY=","Pdd9SZqJKqZjAKBki7AwzG7WR64vzjoLqV5y+4QSw3g=","GYgCt+NPAmqAL7eBUAy5Z0ZUqhVbIpZlMJBvE5a0igI=","XLp3KXtoxHYeaGcaRNQSD5LHkRdurcZZXWTWyIj7SN0=","P2JxVBM6RfiVvUgOd+hkii1LkEUrERbeEPekkFOibak=","w10G5hqdwkGgEzhOuijGKhJaxF3Dgwq/QlL9tlL4fh4=","S0bwaczbFskHxoAuvmugmcf3xNM+7eC+SwZ1PEI7hpQ=","h71KBZVY85pxHxokn1jyzMhclv8PxExN9Q1iMMsl2mg=","RxjLK1dJ9IwKdNCg3BaY78RSHiBXCC6uSodeFdCL8pU=","ABTfoJKxdY5ZRkwn6xzaau2KGbxDFCxYE9b+jhhAw9I=","Xvu1fqJGQUMWO7YWbykmY7VoFgO1/4q2YV0138omji8=","hJFl7i8KTud6AUZE9RAMjIGyyhDSGC6+hjz5ltgCdGo=","lCsuDnx1y0v/ZqgQ0VXgA4vR/Zui0LvBMGqkzlmGBxk=","y60K669Mbh/MZrnWe0gUfVpAHk2yCVUDrOZmQ2JJ3k4=","ASgVAvx/ORZcpcmjPSzgl8eHHG54nf/RpDS2eg5pW94=","QoTmJGN+jRkBQri9qicf0adyj7/UVrvqMwdpQoEgsFQ=","U8NpZkDBgbKAmphf0m/UvUlsebwp8YBQbrDmc8SDiBc=","N/I1emA0WH3BWQaWg4w8w8q4iVNvoOHIlpKDOeoHbAU=","5O5yUDtbMJNK9GnU97waW9A8efvzRn0pJg+QfkYH1G0=","3vzesisHXP5XGoVv3R5wh2sVgfXbtla+GtAKbJt6q+Y=","vXYGcj8xo5JnANhDifgo/jdutWWQFkbV4bnINQaLvEA=","nGn7wcCdw1P7jTzCY9q9J7RTZfQ18S++FAEY+GCUdkQ=","mAGdxwTLKNQS5qMk9MdvGDPGPTUdq5yjDziZ7K1//sM=","O9E/XYpb3p+C4VzTq+MUgeTb7HHSfcAaH40vcwTTCfg=","FMREWwfffBLip4bGAbwlDh2jA92wa7p8PBa0j/rfnUU=","Ab4/ilAoiUO4v/vjMNsmOG8kQTdFJU9y3+v1RygdNBU=","2RpbYC53Tgn7AczBvPMemSBkybT8wp6l6YKdwRgRCFs=","VNLyN8seqrkb/5zyGC3xw86vrNkJkWq1+YfFog8/LRI=","qL6mlSohs9J6ml2QkFySE1KjVXGq9AgauVRVyh5foyY=","HzK/LfnKGBhgAnOwzkKa056327GQUOYnFNnIbChfNHU=","cywUZ97iSVnP4qrNe7UEz8xH5gTBSfid76vhbcBk7S8=","Qn19mDopK/tyY/DlgmOkVqQu64dOV9TixfG883cC2fo=","211V6XIrmUYfBsA88zLGPEHGJaSQ1oHiEJXNMcFuGRw=","CiYWfflrdBnCGz7mOQxayfXLm/C/gg2YZE2oqMUt9kE=","lWoMh9ktrSu0CA4nLgbpE70S9iSugeblxOYNFoxJjl4=","ZqALoGF9/7mkmvaVqeYR4ju//tjqbhCq1YLWm2VcZGM=","/NMLCHyi0w9jPGImBkWgffuHhr/NGyKxnbj4LzXDeqI=","mODdMXYp5aMN0mjvGt3y2KSsldgG4j/5Of0TjKUGaXA=","Kwk9hAOSCQYp3BtIDbVwLcutay3FOPhZ8fNb0//V/Ms=","+xuaiyIsxllMxxgmTTZr07jh2B+ITQm+x/35+P6tySw=","GOle/p02ntBSTs6WT+QYStmWYcz5peiIIbIrYlbwpmY=","XOi3WbEpgkmTWJCoMKjeqC8uh5mn5nHVp0xxna2Kwzo=","W//TmL10+mr51bcpxu7IeT3j4IFhrIwiTwxBviJDpl0=","S5d/hgn3p0RU6CdsV/6moBk+I746Chjyx3yHkDWXaPI=","di7kSwHLJJnecEVqIDwj7LLIWUPeRD2D+5nBmRfxaT8=","mjZxci26C36g8rM8pHF7CEi7R4MFhn3cPoy71V1dCwA=","xtaW+7FfFog/fMAQB2sO3IoRLiDHhdRCb6XdqWaOgiA=","Op01yE4u3FjVv0sLAMw7LYS9bxYYWKyndAS1DjRhnx0=","4pRyOTgKEhvP0OqhDliW2xlGrB3zf/DDAUvpGw/L1O0=","O9nFlDVfbYMlTVmJVTcoYpFB9hlSJr3HPhy3ThVcvYA=","TuoDeSNC0ubU9Ks4UkuCES4piXwx6AsBsZ6M1l1dCs4=","16sLCmCeqW7w574/pb/Lr7JVJxj9SDP8o/RswjVbwgA=","aLldFWUvpB4esHfu+fUGcQjLlPt5/OSaH7QdA7MOpFQ=","LZpDEQ9MZuCXk4sStEVNrDWLs17GsVjZZK6BFZLpqvw=","2xfN9XWHoXPiHO+22Z0LwrIcpFZ11o5ol31Q3xIAn0A=","J50W7sputfmzdX+u4ETrEsEwqGU1vvIczq80UNFtCz8=","c8oWJGvuucOaRy6dHtpz1ilKBRQMCLnoMQMdN4Zdq+U=","+THUd2ANVdWZON2pSpB/cDJ0ADgLMNLAfLKKhfa2OKk=","RLC6azOtCBY0vkBquimcpocZsxuOvLjSToedPOCcOs4=","+LUnO5A1HSxDbOteKl/9lNpV572JaT9q+izB5pkqKyU=","H4kXvV7angVyZGHVZxioRhspydatqd2eSIRZhHCRSao=","2D3uNYSnR54RNz/pDxo+c5YP1EAIJPBIN/6oXyTVBvs=","xPtzPqosVslB9sD6QvAmpUQ5wE5qgWXrvXbiLTA+8k4=","8ySzcjP+dCvbZqpciB4Dj9NfVjFlHyAPGeG7zbo2tQA=","MTuBFbaltXUR4BdFeG3fjZIxjLANTJFt4PWWumIrlM4=","sUqJf5OnWa5MrIV4Zq+NjU1msCdj45Jt7sdRz1Qx+S8=","RZNyXCn6VmhS47xrTbKyYkm5LK8hHHU/DML65rSzwPY=","EcA3BVdqrAoTha5c3Ntg9k4UsEu2u409jnqjeP9ZeVA=","4bWMdZBEgNub/3+eEz8L1ZJ2Ah83Vh5q5ux/GkOEEsQ=","ANuyEn47jzcKd220ffjW3bSthCMP9HwLvRGQ97DwydE=","6X/D0VxjA1b3vkZ5CXDzgIlSv+5aGMtRhL6MUuUfimQ=","kATwct35HOdGLaj9rBI0w/WZdMkcitj1zljv7ewe9a8=","8MsyqQ0weTAPNJz37VSCQfNMYuB6RryMCCx58ciUsp0=","Ud7jH4Vynleha819vO6Yso0R+xQDv/m4NDS0kaHAWRg=","Qfb5xq7p/JW2SgOgSGqP5a/JyD1Q9ST09dS+Vomg1/Q=","HbHy/a9xD1le7mUMqDaSMfu9pXLzYxxun+a6z5kuhkw=","mR+obBu/wA+23onetFHZWUrqljJ+GRSb2wiE3fvUmSc=","DTpHL1PCFzA3wBz9XXRJaD5MejGuTNs4c8BWN48On6w=","WLd3XZkLPSt7L7V97aFIq/vX0N1enl0jFNJ9QiiGj9I=","+epuXUrxo+OHYx0LWXPa5wuDLWCLTi/7SVPKaPUQmU8=","7yRC+Y1Q70fwd//wDBXeSkEvjTWJqeO0IzuSZU50e1I=","0UMsTyjZu4fu8+xEkGk/fbrKsuJBbdzKxhipSzEdEyk=","lKPr4lENac8eBr1/BxOqwK1Fw8vQLocjpyiOcJiDMj4=","cV2h6629aqTesr8pa92o6TL0WJigzD8Ix8kfDypucY0=","ZPuYlaWdIeLH9I/tZhfj/qLO48A3Pf3VCuyTp4/Hp58=","nIh66DAsP+S4b7TG1TadrVVzi9+mjAD0iXZ1jc8Ro4k=","Y6/Uz10txVyeAQ1IOmcAGJWMStOJT5ilSUi9gOKooBQ=","5Ul1J80JyhNOmrzXZ1HJDb0nmQMgke0Lf6nBd80OihE=","Cu3AVJTELEwvhbJLI1Fx869UswI7BHuKzs0jYdiBYLU=","A4DuaMMi8SCp7FD/YPGq3v1iJdc0PyV9KJ5ufurT7sY=","XZi6XWAnttynswCAB+qXDsyq0x+QLlSQlxPp5BwsMo8=","i8KbD2l1HwUIygsvHoqa8V64AjAOZHLdD6x8OnKisbM=","hgTD9AqhRD/Z2xqqGyEhaiKszNO2tUoRUUXmHhYk/1M=","DE2PGnVIc61B6eMvvMuVU1tFhTdd0/fQxnGIksCcuDk=","6oulv7x1ZQF6gOhkwqaKMFsHGHcMtRHHy9mF8rLx5QA=","N+my40jq5I+18fy52vDrZ9E+yIBbKvvybLowOpTFvks=","DEbjlmA69YKeA2KEJ3M43oazj6+IHRI58n66eyiXf9U=","uLLQwRu0INLBsIdpMiPeYV0ro9pOMS/r7WD5BOcEViw=","wWH1/XcrZgrkDAz5B3NjhMUsbh2rfj8XVD5pE5U+sXc=","/o/tgehvgZVeydEDtl85aqY34ttddVbwHhkiZnuuBaw=","c5CodpitCrnC8WxGQew/ekZSaJGOfpJqVSXk4RRmcwE=","iMU19g6Dr8Jjcvv4ehopgFP/fddNqPVhZSRzJHTFXao=","bfHQjSDIFSetZCSgUfJnony4n2ftVrSrhrqAvv6o5UU=","+YKHd0XYzFlYpRFM6ToT+y5A+DZbMYIZJkdktFHvo34=","v+Zlh9Xo6Xg7g07SibCb4FXAbOQ9WiIXSaXwZOAzSBI=","ydrYTrQrlNYEoqbBgHMWUQ7M+F8H9eKjrKYChDL3uYY=","BUAIwGsWPnNMo000xcuffk/ctG9NtmB2I9SqVVBkNr0=","ipHZIRulu5AG5UZieSWJI1qwrJrc2F65pijlOKjTJv8=","ZE9aupDFHLY4POT2D+ckn8kUecX+djEQqtCEft22kSg=","L6ADWsgvDlh2w3WXTC9GuASrgvF3InqwSlcMKhEmADU=","wr8XxHSRfN0J9bLFdqv7T1duNIeR/EPGbdHgcZ/8ldk=","KYurBGFRG5/AcQFmSumx6eT6XqXUiBRuIY7yk0gtptk=","COHG4CmFZ8Fh3Bbcm28QyqESrfyIQ6++t5wNzFU9+KE=","dNJbX7e4/vLwdporiP/wKvGdouYmI+p0UNqtApU+NhU=","/sGAnMxw8y/GG2elhW+k5UoZ30WI0YBDbsVkryF6vs8=","p4Ly+qcusGr9R2l8SeXUnt0WzfPz0oktNrcb01W8BzU=","ZBjM4FAupCFtEkb9gLL6/VLS2jdcbri3RVU7z1wD0Ck=","wut87+HkCsizpw/V5EfGwe6aUOzlzrq/yvXNou3GIoA=","1TxEHfDA8w55i+ULtwohEatDN2uEoxgE0EGSPSasgvY=","COxEZPE7Of5mlCV64JPERIHsB9kwU6eReF1vlucwFcc=","O5VZvKn2UCBNJG/V1yw0qA9h56z8kn0xPHuBGX5BDpQ=","EpxWKUe7t04LO935OlnCfgQ62PeTeOPa2cvWk3Ekk/A=","LqlMfOO0bXGk8L43dcaMcW7i1DrE1YeP2QCoI8pghCs=","yWZkSwFy13VvoWmsLxDU8WErLdLOqODHqjb65ZC+Hfk=","BankhAWDgE9x1sV00kwmxQjXrir1U6ITtffLnKlt6LI=","rDn4Ko4bLJVrCxPux29CNPebz1zB+31QS9IOCgz8wfk=","BlkEPlr2D5QldhYlFLPbJ2dad6DdvtKZB/OZPKgPz2o=","imngIluYdeaHPsBSApTLZvo1NSIT8H2Ye/JED3H7fmk=","U6Ox4/465/0uDYr/3Axlga1uwyD5K3Ldja96L5JFk+w=","q5r08rFAlOolvfDGiELpMSqUQtzIYco+jNF/hP9IzHw=","idy0ejKcnii617IRt3f99AirfzptHS6KVF4ceJ3Gnmg=","NuNHgBA95t8raCrjV3JOw6qC3p2ErHyWXOM4z6oW8ic=","TRvR2HtmsWGs0KWpofH8QlDLbQtI5+evCskhapqG6bI=","ZMLlAa7jpY7Ijy/xewnp2FIrn/dVwHP1lSSzfy4qT3g=","nSFPXMyXwi/vVhgLDRwVVaAEfr+0p9rfoeXM674Yq74=","KBpZmIsqLRek3fZtflDhERP1a6iuhjqHAnWESUTlIk4=","47sS3h8Ol6Lyu1pIZlMH25swmDv6CUt6aQFwL4SMbGA=","w43ciKbTzU0t1sh1bMZ9lcqLgv2dtVE9PEHIpIGbUbM=","og4rk6fScTceRQ6kdHFeh0gGyE5X6soPhj3tjJEoplc=","dcPe8G9lZtwWwHNh/OSGRDcS6VOKQHTMUqSeSr+zCEQ=","dZuk45nix4Ee/y+ECc8xelmru5i1HhzsD2Mxg0Oml6w=","tLvLsFBOlnhe2sqsSq60zhOCmJVGN8LZvaxWg/UD0ZI=","v5AXPXUyuE+44BE0ud7tWacbgJ4I7egwgfsByqL4cFY=","SndtTmol+LTotQzNvRuudmdvqkoRRWTzj6Vlxi3ounM=","PIWcDE8nlMt5wnKBMw8JUS0Os8zSv/7NiecVYx+u73E=","HaN5ghr0J+JcBhzz39N4PHyRSdhuZJxl9iW2IWwxAo8=","OmHYh80xt0iXmvzEIvYT1/+8/tpPRU22ThJK/m73vW0=","cWNfUvl5CGcpKK7ImeDfBuXRLGPaidk8L6BzwTqi7Yo=","UhuhvjZp7uoKk8wM1hqtIt0Sb7DCFkVVKiIkjZuALoo=","L6pGTQFRm3Nuti6p6jsXJ3vEq1naNxdIOAVgNQSgKZ8=","IC8oau07KxevPKbils9KKmrW+X4TfQ6OUhp/7U7BmN8=","EgdLpVCSXUhvVMbm5XFf9QXTrm8n6O2IC9VUmWYpULE=","6BJWtgNI2PkszuFR5Uuh5qN1dal9zv5IPlKGCTNNdH4=","iMwAob6PPJv11Jowl2YEJJH0fJcLuiCdvSfhePsVVis=","cQOtoVcKZ6hCch2jG7ZOfhy4rdw66H4LSk779joDPUc=","OBOc2m7ahNop/HKGeepv15qSmyrkZ9/sgo5nOl1JbmE=","x1xN4DJnHmwT7TPpEduuf1ZKFoWGz2XQN9f7pjYFqSQ=","oiD5h7Eudvd61yDf/8JjePwO/n6NA84Xjb3sLZoCnEc=","l+CbaO3ORGzZ6v47Y7C0A5+qilEoUZ5bcF7UDAaFQD4=","QKUsG9Y9qYKlPFHetQHmw29aHpNFjIkeUv1Ml4PZFBA=","VKrKck0364jAdOmWUgJCqMl8YZbXIt+Lvsli0CxSJuw=","At9haO72FMdU8j/EI50Psmq8v13AfKjRp5FuG8YxqfU=","AMkuJRCc7WbAbXWfolYHTXgy6IcLTxR17pN16mYo5Rg=","mL3ndQ5eAf8uFqGz/2bfZfSCYBzmkmHxbEYpWJcILlQ=","vJZlQl9M4l9Cgh7Be/ZfNFJaFxKnwcdImuzo75obcBE=","NyLqGVptsh5T73MDOcykJeMsvSmcg35Jalm6gPq5B5E=","7wEd0tDUoJpdQmxnvZgsH49rEikCES7TLj6WWC3SOdQ=","qhmHKGUCyqTrfKbtgSNLzy52PHuL1rB8gfOanmGMVLE=","zDVZpYJOdNOWrG4gqKzzpoZjThU35U+3HovtzHZ2sCo="],"block_size":4096,"path":"build/frontend.js"},{"block_hashes":["NZiLHXcmHZxRTyVoSa6YAfYJmeSw5PW2eOKoggswRhw=","1OKqX4fple0bLB1+4AHWKVMozZWiIDEF3HsS8r0auZA=","SvafRnl6tnKYqZ32gyJV46dtdYQZE84gYlmRMFNwlzw=","zd4SMzh3SKWbskDvlNNkGMCkpMEtuehknAp0dp0YGw4=","8ac6QWbUy0xAoCIGemW5vN7gUW7HgLuXvMY9qCXIirU=","QYjQiPkhMBQW3RTFWqg31Z9I9SOIGVboGnZELfI4Yug=","FpgKp4R/hA812Br5qVJqfRiKTJ1G3Wey+xaIWpD15T8=","t+5uOnRY2PUujStMg4MbqTxnU+40RrXa/cDbTGdUlxI=","M8rxYYpfeCDHIJfH6stD6uwJqoUe2sAtkWKUDhPGhzw=","+LMR9Z0P8wTDjc+W5Y89hI/gafJxaQYkRUnCNZjQYYo=","zFEGHHoczqaymXg2pzonewOwLVx/RBiLExVcXCCa3NQ=","1WrDfjBmJaa5sWYvDsbnOcufG2RUiA/mFK/sqeZzLZg=","gR6IjV/akXSYLEf3ejIOwBBE51V8DK9rN5mSG9a48nc=","gHyh/Odf9/sXIXIBjkJH9VPCC+b1emSa6WBhytEZ054="],"block_size":4096,"path":"build/ng-validate.js"},{"block_hashes":["nztyl8EYDHvFj+1HHuMhx1JcUtC+8SzajUQv8PNQeK4="],"block_size":4096,"path":"frontend.html"},{"block_hashes":["mlVh2Mo5ZVM2dLZ794nW+25EXUGtwiVvh3c9Ut63FWI="],"block_size":4096,"path":"images/Triangle.svg"},{"block_hashes":["fNYVabPrKCEXgeq8YMjKFGMK2DMXhbL9wNlzv8LHjHQ="],"block_size":4096,"path":"images/augury-bw.svg"},{"block_hashes":["OT7EG54IN6HBY7/t8MH8h1a0RQiZG195JTdEs2a8+Ik=","CGWkhjRFwgn/LJQsrXrMv5H9p1DxK5ip2RfLslRcz8Q="],"block_size":4096,"path":"images/augury-canary.png"},{"block_hashes":["EqDUwYqe0Trpb275trQ2fiPlrrqWa9OJk1rTrgWxVKo="],"block_size":4096,"path":"images/augury-logo.svg"},{"block_hashes":["DNmPjInIXAN2IrxRbOLJUhbyrS/ywKtps4nA7u5cGEg=","55TSa+PdIeljJGFmlkMssrcbkM//a15YZQ9pm71gUJs=","HqMcjf+gnqPYpUK7d2mx8z++ZgTuzbNIgeoAMsYY114=","6uSFUb0aFTeU2LvuQ/zFMwutbh4z+Bj9Dl1fEkVg22o=","SqfDP8GAnPSt8FHuv4qZJhZ+SK/G4nngn9V9975CK+U=","4Gk8RmE84WF1vNxUGovCIBrJvWE/Hewc6WfqIrFM5og=","qQ2v9CZIuLsEgMW3wiTWtGAzhT2TNyG6b4oENv8mhtc=","wn4Qn3owmxaTY4KeVtaj9fKKy/D9g1XBBT+puyztrRo="],"block_size":4096,"path":"images/augury-popup-icon.png"},{"block_hashes":["66j3x+uFDc8lGHLpU7pwwerLokOTSvYXadR2iDQMtTs="],"block_size":4096,"path":"images/close.svg"},{"block_hashes":["dG6DJo3rlGq6kQWwg4lzpNZTSI8moTb9GYjH6xb0MeI="],"block_size":4096,"path":"images/feedback.svg"},{"block_hashes":["Y6LaEuzsPmc/qjg/CNYI9sIWOjtDsOZ4xNrP7FkrMYk="],"block_size":4096,"path":"images/github.svg"},{"block_hashes":["P94g2vD0QmozaRX7F4UHPplrxLTVynTWJgcg9PenCEk="],"block_size":4096,"path":"images/guide.svg"},{"block_hashes":["Iuf8ADb4h5eKsm+Avh+pRPC4bkxWdKS4qOAYWdJCjWU="],"block_size":4096,"path":"images/report-issue.svg"},{"block_hashes":["YKlPPDZZTQssn60E8+65EH8vX+sJT/Ysfge/IvfMCfU="],"block_size":4096,"path":"images/search.png"},{"block_hashes":["GkGOYzrhAehAUpBNKUZym3WYZIzt2Z84N2UoHB88gIA=","C7GJLOd2IA4LVBMf0Gu/L21SHdv+21jS9V1f9TILZpo=","YvdJK2kYs6B+LrqvFApIJFXy8NAOF5AFvY33/8sGovE=","xMi9g2fwhNqzEIjSjB8Lzwabbt9vYJViwjxqDUYItqg=","n6ZUgJ9WR4QwyRYwizKNOZ3DPLOne6PLASGTJfl/0LI=","3VHQsxJWMQ+3rsIMRElhRZlmkcJw5DPsd0BRiNJDaC4="],"block_size":4096,"path":"images/toolbarButtonGlyphs_2x.png"},{"block_hashes":["Re5Po7UVA/iDe0PFhfOUAGM5ni7WKvacFRxUvb2WlAM="],"block_size":4096,"path":"index.html"},{"block_hashes":["DbiGgnHLaL5+q5xS7/aLlerwbGhWC9Yopwtt6UdQglg=","Nsgah43DwUCd1tloYfPe+bfMmrB0NRvNLLaMdzJOHlI="],"block_size":4096,"path":"popup.html"},{"block_hashes":["vbKeeX+UalPllRYs53kWBq86tcHyTGsAT01CNMuzBzo="],"block_size":4096,"path":"popup.js"}],"version":2}